Dataset,Frame,Source view,Synthesized View,#passes,#viewperpasses,Execution time (sec),WS-PSNR,Sorted_selected_view
TechnicolorHijack,50,"1,2,3,4,5,8,9",0,1,1,52.831,13.8576,"5,6,0,3,4,1,2"
TechnicolorHijack,50,"1,2,3,4,5,8,9",0,1,2,274.456,34.0049,"5,6,0,3,4,1,2"
TechnicolorHijack,50,"1,2,3,4,5,8,9",0,1,3,278.205,34.0339,"5,6,0,3,4,1,2"
TechnicolorHijack,50,"1,2,3,4,5,8,9",0,1,4,289.202,34.5467,"5,6,0,3,4,1,2"
TechnicolorHijack,50,"1,2,3,4,5,8,9",0,1,5,333.302,34.6651,"5,6,0,3,4,1,2"
TechnicolorHijack,50,"1,2,3,4,5,8,9",0,1,6,517.57,34.7461,"5,6,0,3,4,1,2"
TechnicolorHijack,50,"1,2,3,4,5,8,9",0,1,7,518.947,34.7387,"5,6,0,3,4,1,2"
TechnicolorHijack,50,"1,2,3,4,5,8,9",0,2,"1,2",313.301,32.5863,"5,6,0,3,4,1,2"
TechnicolorHijack,50,"1,2,3,4,5,8,9",0,2,"1,3",317.006,32.6155,"5,6,0,3,4,1,2"
TechnicolorHijack,50,"1,2,3,4,5,8,9",0,2,"1,4",327.767,32.9698,"5,6,0,3,4,1,2"
TechnicolorHijack,50,"1,2,3,4,5,8,9",0,2,"1,5",373.181,33.0528,"5,6,0,3,4,1,2"
TechnicolorHijack,50,"1,2,3,4,5,8,9",0,2,"1,6",555.617,33.1007,"5,6,0,3,4,1,2"
TechnicolorHijack,50,"1,2,3,4,5,8,9",0,2,"1,7",556.389,33.0956,"5,6,0,3,4,1,2"
TechnicolorHijack,50,"1,2,3,4,5,8,9",0,2,"2,3",543.903,34.0075,"5,6,0,3,4,1,2"
TechnicolorHijack,50,"1,2,3,4,5,8,9",0,2,"2,4",554.55,34.3831,"5,6,0,3,4,1,2"
TechnicolorHijack,50,"1,2,3,4,5,8,9",0,2,"2,5",598.491,34.5435,"5,6,0,3,4,1,2"
TechnicolorHijack,50,"1,2,3,4,5,8,9",0,2,"2,6",782.539,34.5773,"5,6,0,3,4,1,2"
TechnicolorHijack,50,"1,2,3,4,5,8,9",0,2,"2,7",783.96,34.5761,"5,6,0,3,4,1,2"
TechnicolorHijack,50,"1,2,3,4,5,8,9",0,2,"3,4",559.006,34.4137,"5,6,0,3,4,1,2"
TechnicolorHijack,50,"1,2,3,4,5,8,9",0,2,"3,5",602.6,34.5769,"5,6,0,3,4,1,2"
TechnicolorHijack,50,"1,2,3,4,5,8,9",0,2,"3,6",786.222,34.6103,"5,6,0,3,4,1,2"
TechnicolorHijack,50,"1,2,3,4,5,8,9",0,2,"3,7",787.245,34.6093,"5,6,0,3,4,1,2"
TechnicolorHijack,50,"1,2,3,4,5,8,9",0,2,"4,5",610.35,34.6798,"5,6,0,3,4,1,2"
TechnicolorHijack,50,"1,2,3,4,5,8,9",0,2,"4,6",798.101,34.7238,"5,6,0,3,4,1,2"
TechnicolorHijack,50,"1,2,3,4,5,8,9",0,2,"4,7",798.816,34.7215,"5,6,0,3,4,1,2"
TechnicolorHijack,50,"1,2,3,4,5,8,9",0,2,"5,6",841.817,34.7026,"5,6,0,3,4,1,2"
TechnicolorHijack,50,"1,2,3,4,5,8,9",0,2,"5,7",842.017,34.7003,"5,6,0,3,4,1,2"
TechnicolorHijack,50,"1,2,3,4,5,8,9",0,2,"6,7",1026.834,34.7471,"5,6,0,3,4,1,2"
TechnicolorHijack,50,"1,2,3,4,5,8,9",0,3,"1,2,3",582.132,32.5899,"5,6,0,3,4,1,2"
TechnicolorHijack,50,"1,2,3,4,5,8,9",0,3,"1,2,4",592.489,32.8573,"5,6,0,3,4,1,2"
TechnicolorHijack,50,"1,2,3,4,5,8,9",0,3,"1,2,5",646.107,32.9696,"5,6,0,3,4,1,2"
TechnicolorHijack,50,"1,2,3,4,5,8,9",0,3,"1,2,6",822.777,32.987,"5,6,0,3,4,1,2"
TechnicolorHijack,50,"1,2,3,4,5,8,9",0,3,"1,2,7",820.089,32.9871,"5,6,0,3,4,1,2"
TechnicolorHijack,50,"1,2,3,4,5,8,9",0,3,"1,3,4",596.585,32.8852,"5,6,0,3,4,1,2"
TechnicolorHijack,50,"1,2,3,4,5,8,9",0,3,"1,3,5",638.36,32.9993,"5,6,0,3,4,1,2"
TechnicolorHijack,50,"1,2,3,4,5,8,9",0,3,"1,3,6",825.013,33.0184,"5,6,0,3,4,1,2"
TechnicolorHijack,50,"1,2,3,4,5,8,9",0,3,"1,3,7",825.618,33.0186,"5,6,0,3,4,1,2"
TechnicolorHijack,50,"1,2,3,4,5,8,9",0,3,"1,4,5",648.697,33.0619,"5,6,0,3,4,1,2"
TechnicolorHijack,50,"1,2,3,4,5,8,9",0,3,"1,4,6",836.251,33.0859,"5,6,0,3,4,1,2"
TechnicolorHijack,50,"1,2,3,4,5,8,9",0,3,"1,4,7",836.051,33.0852,"5,6,0,3,4,1,2"
TechnicolorHijack,50,"1,2,3,4,5,8,9",0,3,"1,5,6",878.927,33.0723,"5,6,0,3,4,1,2"
TechnicolorHijack,50,"1,2,3,4,5,8,9",0,3,"1,5,7",880.791,33.0716,"5,6,0,3,4,1,2"
TechnicolorHijack,50,"1,2,3,4,5,8,9",0,3,"1,6,7",1063.15,33.1014,"5,6,0,3,4,1,2"
TechnicolorHijack,50,"1,2,3,4,5,8,9",0,3,"2,3,4",826.89,34.3841,"5,6,0,3,4,1,2"
TechnicolorHijack,50,"1,2,3,4,5,8,9",0,3,"2,3,5",865.45,34.5463,"5,6,0,3,4,1,2"
TechnicolorHijack,50,"1,2,3,4,5,8,9",0,3,"2,3,6",1052.104,34.5775,"5,6,0,3,4,1,2"
TechnicolorHijack,50,"1,2,3,4,5,8,9",0,3,"2,3,7",1062.146,34.5766,"5,6,0,3,4,1,2"
TechnicolorHijack,50,"1,2,3,4,5,8,9",0,3,"2,4,5",875.769,34.5178,"5,6,0,3,4,1,2"
TechnicolorHijack,50,"1,2,3,4,5,8,9",0,3,"2,4,6",1061.443,34.5542,"5,6,0,3,4,1,2"
TechnicolorHijack,50,"1,2,3,4,5,8,9",0,3,"2,4,7",1062.829,34.5523,"5,6,0,3,4,1,2"
TechnicolorHijack,50,"1,2,3,4,5,8,9",0,3,"2,5,6",1109.431,34.5748,"5,6,0,3,4,1,2"
TechnicolorHijack,50,"1,2,3,4,5,8,9",0,3,"2,5,7",1116.741,34.5729,"5,6,0,3,4,1,2"
TechnicolorHijack,50,"1,2,3,4,5,8,9",0,3,"2,6,7",1293.77,34.5784,"5,6,0,3,4,1,2"
TechnicolorHijack,50,"1,2,3,4,5,8,9",0,3,"3,4,5",880.408,34.5495,"5,6,0,3,4,1,2"
TechnicolorHijack,50,"1,2,3,4,5,8,9",0,3,"3,4,6",1068.573,34.588,"5,6,0,3,4,1,2"
TechnicolorHijack,50,"1,2,3,4,5,8,9",0,3,"3,4,7",1067.759,34.5861,"5,6,0,3,4,1,2"
TechnicolorHijack,50,"1,2,3,4,5,8,9",0,3,"3,5,6",1110.671,34.6106,"5,6,0,3,4,1,2"
TechnicolorHijack,50,"1,2,3,4,5,8,9",0,3,"3,5,7",1111.334,34.6086,"5,6,0,3,4,1,2"
TechnicolorHijack,50,"1,2,3,4,5,8,9",0,3,"3,6,7",1297.005,34.6115,"5,6,0,3,4,1,2"
TechnicolorHijack,50,"1,2,3,4,5,8,9",0,3,"4,5,6",1119.46,34.7186,"5,6,0,3,4,1,2"
TechnicolorHijack,50,"1,2,3,4,5,8,9",0,3,"4,5,7",1120.081,34.7163,"5,6,0,3,4,1,2"
TechnicolorHijack,50,"1,2,3,4,5,8,9",0,3,"4,6,7",1312.489,34.7245,"5,6,0,3,4,1,2"
TechnicolorHijack,50,"1,2,3,4,5,8,9",0,3,"5,6,7",1351.418,34.7033,"5,6,0,3,4,1,2"
TechnicolorHijack,50,"1,2,3,4,5,8,9",6,1,1,283.009,31.7478,"6,4,0,3,1,2,5"
TechnicolorHijack,50,"1,2,3,4,5,8,9",6,1,2,321.794,32.7198,"6,4,0,3,1,2,5"
TechnicolorHijack,50,"1,2,3,4,5,8,9",6,1,3,326.395,32.7176,"6,4,0,3,1,2,5"
TechnicolorHijack,50,"1,2,3,4,5,8,9",6,1,4,341.501,32.901,"6,4,0,3,1,2,5"
TechnicolorHijack,50,"1,2,3,4,5,8,9",6,1,5,536.315,32.9399,"6,4,0,3,1,2,5"
TechnicolorHijack,50,"1,2,3,4,5,8,9",6,1,6,537.477,32.9412,"6,4,0,3,1,2,5"
TechnicolorHijack,50,"1,2,3,4,5,8,9",6,1,7,540.666,32.9688,"6,4,0,3,1,2,5"
TechnicolorHijack,50,"1,2,3,4,5,8,9",6,2,"1,2",595.442,32.1512,"6,4,0,3,1,2,5"
TechnicolorHijack,50,"1,2,3,4,5,8,9",6,2,"1,3",598.402,32.1401,"6,4,0,3,1,2,5"
TechnicolorHijack,50,"1,2,3,4,5,8,9",6,2,"1,4",611.811,32.2453,"6,4,0,3,1,2,5"
TechnicolorHijack,50,"1,2,3,4,5,8,9",6,2,"1,5",807.57,32.2993,"6,4,0,3,1,2,5"
TechnicolorHijack,50,"1,2,3,4,5,8,9",6,2,"1,6",809.789,32.3028,"6,4,0,3,1,2,5"
TechnicolorHijack,50,"1,2,3,4,5,8,9",6,2,"1,7",811.002,32.3198,"6,4,0,3,1,2,5"
TechnicolorHijack,50,"1,2,3,4,5,8,9",6,2,"2,3",640.334,32.7098,"6,4,0,3,1,2,5"
TechnicolorHijack,50,"1,2,3,4,5,8,9",6,2,"2,4",652.469,32.8232,"6,4,0,3,1,2,5"
TechnicolorHijack,50,"1,2,3,4,5,8,9",6,2,"2,5",848.024,32.8927,"6,4,0,3,1,2,5"
TechnicolorHijack,50,"1,2,3,4,5,8,9",6,2,"2,6",847.435,32.8967,"6,4,0,3,1,2,5"
TechnicolorHijack,50,"1,2,3,4,5,8,9",6,2,"2,7",853.92,32.9159,"6,4,0,3,1,2,5"
TechnicolorHijack,50,"1,2,3,4,5,8,9",6,2,"3,4",657.835,32.8327,"6,4,0,3,1,2,5"
TechnicolorHijack,50,"1,2,3,4,5,8,9",6,2,"3,5",852.879,32.8969,"6,4,0,3,1,2,5"
TechnicolorHijack,50,"1,2,3,4,5,8,9",6,2,"3,6",853.792,32.901,"6,4,0,3,1,2,5"
TechnicolorHijack,50,"1,2,3,4,5,8,9",6,2,"3,7",855.35,32.9186,"6,4,0,3,1,2,5"
TechnicolorHijack,50,"1,2,3,4,5,8,9",6,2,"4,5",870.372,32.9696,"6,4,0,3,1,2,5"
TechnicolorHijack,50,"1,2,3,4,5,8,9",6,2,"4,6",868.14,32.9729,"6,4,0,3,1,2,5"
TechnicolorHijack,50,"1,2,3,4,5,8,9",6,2,"4,7",875.479,32.9894,"6,4,0,3,1,2,5"
TechnicolorHijack,50,"1,2,3,4,5,8,9",6,2,"5,6",1064.089,32.9434,"6,4,0,3,1,2,5"
TechnicolorHijack,50,"1,2,3,4,5,8,9",6,2,"5,7",1065.379,32.9596,"6,4,0,3,1,2,5"
TechnicolorHijack,50,"1,2,3,4,5,8,9",6,2,"6,7",1065.895,32.9575,"6,4,0,3,1,2,5"
TechnicolorHijack,50,"1,2,3,4,5,8,9",6,3,"1,2,3",912.251,32.1379,"6,4,0,3,1,2,5"
TechnicolorHijack,50,"1,2,3,4,5,8,9",6,3,"1,2,4",927.968,32.2383,"6,4,0,3,1,2,5"
TechnicolorHijack,50,"1,2,3,4,5,8,9",6,3,"1,2,5",1121.999,32.299,"6,4,0,3,1,2,5"
TechnicolorHijack,50,"1,2,3,4,5,8,9",6,3,"1,2,6",1122.969,32.3025,"6,4,0,3,1,2,5"
TechnicolorHijack,50,"1,2,3,4,5,8,9",6,3,"1,2,7",1138.712,32.3192,"6,4,0,3,1,2,5"
TechnicolorHijack,50,"1,2,3,4,5,8,9",6,3,"1,3,4",928.599,32.2406,"6,4,0,3,1,2,5"
TechnicolorHijack,50,"1,2,3,4,5,8,9",6,3,"1,3,5",1131.636,32.2964,"6,4,0,3,1,2,5"
TechnicolorHijack,50,"1,2,3,4,5,8,9",6,3,"1,3,6",1130.131,32.2999,"6,4,0,3,1,2,5"
TechnicolorHijack,50,"1,2,3,4,5,8,9",6,3,"1,3,7",1128.125,32.3153,"6,4,0,3,1,2,5"
TechnicolorHijack,50,"1,2,3,4,5,8,9",6,3,"1,4,5",1136.915,32.3037,"6,4,0,3,1,2,5"
TechnicolorHijack,50,"1,2,3,4,5,8,9",6,3,"1,4,6",1138.662,32.3063,"6,4,0,3,1,2,5"
TechnicolorHijack,50,"1,2,3,4,5,8,9",6,3,"1,4,7",1144.341,32.3203,"6,4,0,3,1,2,5"
TechnicolorHijack,50,"1,2,3,4,5,8,9",6,3,"1,5,6",1336.109,32.3026,"6,4,0,3,1,2,5"
TechnicolorHijack,50,"1,2,3,4,5,8,9",6,3,"1,5,7",1334.887,32.3166,"6,4,0,3,1,2,5"
TechnicolorHijack,50,"1,2,3,4,5,8,9",6,3,"1,6,7",1337.692,32.3171,"6,4,0,3,1,2,5"
TechnicolorHijack,50,"1,2,3,4,5,8,9",6,3,"2,3,4",968.708,32.8232,"6,4,0,3,1,2,5"
TechnicolorHijack,50,"1,2,3,4,5,8,9",6,3,"2,3,5",1165.061,32.8871,"6,4,0,3,1,2,5"
TechnicolorHijack,50,"1,2,3,4,5,8,9",6,3,"2,3,6",1165.447,32.8911,"6,4,0,3,1,2,5"
TechnicolorHijack,50,"1,2,3,4,5,8,9",6,3,"2,3,7",1170.448,32.9088,"6,4,0,3,1,2,5"
TechnicolorHijack,50,"1,2,3,4,5,8,9",6,3,"2,4,5",1178.658,32.8902,"6,4,0,3,1,2,5"
TechnicolorHijack,50,"1,2,3,4,5,8,9",6,3,"2,4,6",1177.208,32.8931,"6,4,0,3,1,2,5"
TechnicolorHijack,50,"1,2,3,4,5,8,9",6,3,"2,4,7",1186.129,32.9092,"6,4,0,3,1,2,5"
TechnicolorHijack,50,"1,2,3,4,5,8,9",6,3,"2,5,6",1375.868,32.8962,"6,4,0,3,1,2,5"
TechnicolorHijack,50,"1,2,3,4,5,8,9",6,3,"2,5,7",1380.994,32.9122,"6,4,0,3,1,2,5"
TechnicolorHijack,50,"1,2,3,4,5,8,9",6,3,"2,6,7",1380.24,32.9125,"6,4,0,3,1,2,5"
TechnicolorHijack,50,"1,2,3,4,5,8,9",6,3,"3,4,5",1184.752,32.9006,"6,4,0,3,1,2,5"
TechnicolorHijack,50,"1,2,3,4,5,8,9",6,3,"3,4,6",1186.189,32.9036,"6,4,0,3,1,2,5"
TechnicolorHijack,50,"1,2,3,4,5,8,9",6,3,"3,4,7",1188.885,32.9195,"6,4,0,3,1,2,5"
TechnicolorHijack,50,"1,2,3,4,5,8,9",6,3,"3,5,6",1383.435,32.9004,"6,4,0,3,1,2,5"
TechnicolorHijack,50,"1,2,3,4,5,8,9",6,3,"3,5,7",1383.594,32.9164,"6,4,0,3,1,2,5"
TechnicolorHijack,50,"1,2,3,4,5,8,9",6,3,"3,6,7",1384.255,32.9167,"6,4,0,3,1,2,5"
TechnicolorHijack,50,"1,2,3,4,5,8,9",6,3,"4,5,6",1395.454,32.9727,"6,4,0,3,1,2,5"
TechnicolorHijack,50,"1,2,3,4,5,8,9",6,3,"4,5,7",1397.903,32.9898,"6,4,0,3,1,2,5"
TechnicolorHijack,50,"1,2,3,4,5,8,9",6,3,"4,6,7",1401.023,32.99,"6,4,0,3,1,2,5"
TechnicolorHijack,50,"1,2,3,4,5,8,9",6,3,"5,6,7",1595.481,32.9596,"6,4,0,3,1,2,5"
TechnicolorHijack,50,"1,2,3,4,5,8,9",7,1,1,286.846,27.7038,"6,5,1,2,0,3,4"
TechnicolorHijack,50,"1,2,3,4,5,8,9",7,1,2,289.364,27.8241,"6,5,1,2,0,3,4"
TechnicolorHijack,50,"1,2,3,4,5,8,9",7,1,3,487.75,32.3878,"6,5,1,2,0,3,4"
TechnicolorHijack,50,"1,2,3,4,5,8,9",7,1,4,489.775,32.4019,"6,5,1,2,0,3,4"
TechnicolorHijack,50,"1,2,3,4,5,8,9",7,1,5,494.681,32.4109,"6,5,1,2,0,3,4"
TechnicolorHijack,50,"1,2,3,4,5,8,9",7,1,6,508.4,32.5386,"6,5,1,2,0,3,4"
TechnicolorHijack,50,"1,2,3,4,5,8,9",7,1,7,554.989,32.8956,"6,5,1,2,0,3,4"
TechnicolorHijack,50,"1,2,3,4,5,8,9",7,2,"1,2",566.885,27.7739,"6,5,1,2,0,3,4"
TechnicolorHijack,50,"1,2,3,4,5,8,9",7,2,"1,3",763.432,31.9721,"6,5,1,2,0,3,4"
TechnicolorHijack,50,"1,2,3,4,5,8,9",7,2,"1,4",766.005,31.9768,"6,5,1,2,0,3,4"
TechnicolorHijack,50,"1,2,3,4,5,8,9",7,2,"1,5",769.511,31.9888,"6,5,1,2,0,3,4"
TechnicolorHijack,50,"1,2,3,4,5,8,9",7,2,"1,6",783.555,32.1196,"6,5,1,2,0,3,4"
TechnicolorHijack,50,"1,2,3,4,5,8,9",7,2,"1,7",833.928,32.4298,"6,5,1,2,0,3,4"
TechnicolorHijack,50,"1,2,3,4,5,8,9",7,2,"2,3",767.95,32.1052,"6,5,1,2,0,3,4"
TechnicolorHijack,50,"1,2,3,4,5,8,9",7,2,"2,4",767.496,32.1125,"6,5,1,2,0,3,4"
TechnicolorHijack,50,"1,2,3,4,5,8,9",7,2,"2,5",772.286,32.1264,"6,5,1,2,0,3,4"
TechnicolorHijack,50,"1,2,3,4,5,8,9",7,2,"2,6",783.937,32.264,"6,5,1,2,0,3,4"
TechnicolorHijack,50,"1,2,3,4,5,8,9",7,2,"2,7",835.782,32.5849,"6,5,1,2,0,3,4"
TechnicolorHijack,50,"1,2,3,4,5,8,9",7,2,"3,4",966.665,32.398,"6,5,1,2,0,3,4"
TechnicolorHijack,50,"1,2,3,4,5,8,9",7,2,"3,5",970.428,32.4159,"6,5,1,2,0,3,4"
TechnicolorHijack,50,"1,2,3,4,5,8,9",7,2,"3,6",985.13,32.5512,"6,5,1,2,0,3,4"
TechnicolorHijack,50,"1,2,3,4,5,8,9",7,2,"3,7",1034.39,32.5962,"6,5,1,2,0,3,4"
TechnicolorHijack,50,"1,2,3,4,5,8,9",7,2,"4,5",972.173,32.4197,"6,5,1,2,0,3,4"
TechnicolorHijack,50,"1,2,3,4,5,8,9",7,2,"4,6",988.661,32.5545,"6,5,1,2,0,3,4"
TechnicolorHijack,50,"1,2,3,4,5,8,9",7,2,"4,7",1036.788,32.5995,"6,5,1,2,0,3,4"
TechnicolorHijack,50,"1,2,3,4,5,8,9",7,2,"5,6",989.966,32.5439,"6,5,1,2,0,3,4"
TechnicolorHijack,50,"1,2,3,4,5,8,9",7,2,"5,7",1041.667,32.588,"6,5,1,2,0,3,4"
TechnicolorHijack,50,"1,2,3,4,5,8,9",7,2,"6,7",1052.486,32.583,"6,5,1,2,0,3,4"
TechnicolorHijack,50,"1,2,3,4,5,8,9",7,3,"1,2,3",1041.531,31.9716,"6,5,1,2,0,3,4"
TechnicolorHijack,50,"1,2,3,4,5,8,9",7,3,"1,2,4",1044.057,31.9767,"6,5,1,2,0,3,4"
TechnicolorHijack,50,"1,2,3,4,5,8,9",7,3,"1,2,5",1047.028,31.9902,"6,5,1,2,0,3,4"
TechnicolorHijack,50,"1,2,3,4,5,8,9",7,3,"1,2,6",1063.76,32.1243,"6,5,1,2,0,3,4"
TechnicolorHijack,50,"1,2,3,4,5,8,9",7,3,"1,2,7",1112.584,32.4347,"6,5,1,2,0,3,4"
TechnicolorHijack,50,"1,2,3,4,5,8,9",7,3,"1,3,4",1243.985,31.9797,"6,5,1,2,0,3,4"
TechnicolorHijack,50,"1,2,3,4,5,8,9",7,3,"1,3,5",1246.681,31.9952,"6,5,1,2,0,3,4"
TechnicolorHijack,50,"1,2,3,4,5,8,9",7,3,"1,3,6",1261.134,32.118,"6,5,1,2,0,3,4"
TechnicolorHijack,50,"1,2,3,4,5,8,9",7,3,"1,3,7",1311.7,32.1587,"6,5,1,2,0,3,4"
TechnicolorHijack,50,"1,2,3,4,5,8,9",7,3,"1,4,5",1250.368,31.9921,"6,5,1,2,0,3,4"
TechnicolorHijack,50,"1,2,3,4,5,8,9",7,3,"1,4,6",1264.176,32.1136,"6,5,1,2,0,3,4"
TechnicolorHijack,50,"1,2,3,4,5,8,9",7,3,"1,4,7",1313.698,32.1543,"6,5,1,2,0,3,4"
TechnicolorHijack,50,"1,2,3,4,5,8,9",7,3,"1,5,6",1269.704,32.1089,"6,5,1,2,0,3,4"
TechnicolorHijack,50,"1,2,3,4,5,8,9",7,3,"1,5,7",1315.358,32.1488,"6,5,1,2,0,3,4"
TechnicolorHijack,50,"1,2,3,4,5,8,9",7,3,"1,6,7",1328.94,32.1598,"6,5,1,2,0,3,4"
TechnicolorHijack,50,"1,2,3,4,5,8,9",7,3,"2,3,4",1246.953,32.115,"6,5,1,2,0,3,4"
TechnicolorHijack,50,"1,2,3,4,5,8,9",7,3,"2,3,5",1251.291,32.1309,"6,5,1,2,0,3,4"
TechnicolorHijack,50,"1,2,3,4,5,8,9",7,3,"2,3,6",1260.713,32.2567,"6,5,1,2,0,3,4"
TechnicolorHijack,50,"1,2,3,4,5,8,9",7,3,"2,3,7",1313.239,32.2988,"6,5,1,2,0,3,4"
TechnicolorHijack,50,"1,2,3,4,5,8,9",7,3,"2,4,5",1250.689,32.1282,"6,5,1,2,0,3,4"
TechnicolorHijack,50,"1,2,3,4,5,8,9",7,3,"2,4,6",1268.127,32.2529,"6,5,1,2,0,3,4"
TechnicolorHijack,50,"1,2,3,4,5,8,9",7,3,"2,4,7",1313.425,32.2949,"6,5,1,2,0,3,4"
TechnicolorHijack,50,"1,2,3,4,5,8,9",7,3,"2,5,6",1270.938,32.2496,"6,5,1,2,0,3,4"
TechnicolorHijack,50,"1,2,3,4,5,8,9",7,3,"2,5,7",1330.847,32.2909,"6,5,1,2,0,3,4"
TechnicolorHijack,50,"1,2,3,4,5,8,9",7,3,"2,6,7",1330.543,32.3056,"6,5,1,2,0,3,4"
TechnicolorHijack,50,"1,2,3,4,5,8,9",7,3,"3,4,5",1452.413,32.4159,"6,5,1,2,0,3,4"
TechnicolorHijack,50,"1,2,3,4,5,8,9",7,3,"3,4,6",1466.838,32.5499,"6,5,1,2,0,3,4"
TechnicolorHijack,50,"1,2,3,4,5,8,9",7,3,"3,4,7",1515.858,32.5949,"6,5,1,2,0,3,4"
TechnicolorHijack,50,"1,2,3,4,5,8,9",7,3,"3,5,6",1471.943,32.5484,"6,5,1,2,0,3,4"
TechnicolorHijack,50,"1,2,3,4,5,8,9",7,3,"3,5,7",1519.287,32.5928,"6,5,1,2,0,3,4"
TechnicolorHijack,50,"1,2,3,4,5,8,9",7,3,"3,6,7",1531.862,32.5959,"6,5,1,2,0,3,4"
TechnicolorHijack,50,"1,2,3,4,5,8,9",7,3,"4,5,6",1471.589,32.553,"6,5,1,2,0,3,4"
TechnicolorHijack,50,"1,2,3,4,5,8,9",7,3,"4,5,7",1518.224,32.5974,"6,5,1,2,0,3,4"
TechnicolorHijack,50,"1,2,3,4,5,8,9",7,3,"4,6,7",1531.477,32.5992,"6,5,1,2,0,3,4"
TechnicolorHijack,50,"1,2,3,4,5,8,9",7,3,"5,6,7",1538.022,32.5883,"6,5,1,2,0,3,4"
TechnicolorHijack,100,"1,2,3,4,5,8,9",0,1,1,53.452,12.936,"5,6,0,3,4,1,2"
TechnicolorHijack,100,"1,2,3,4,5,8,9",0,1,2,274.922,33.5485,"5,6,0,3,4,1,2"
TechnicolorHijack,100,"1,2,3,4,5,8,9",0,1,3,278.952,33.7373,"5,6,0,3,4,1,2"
TechnicolorHijack,100,"1,2,3,4,5,8,9",0,1,4,290.527,34.3841,"5,6,0,3,4,1,2"
TechnicolorHijack,100,"1,2,3,4,5,8,9",0,1,5,334.254,34.5592,"5,6,0,3,4,1,2"
TechnicolorHijack,100,"1,2,3,4,5,8,9",0,1,6,518.992,34.6731,"5,6,0,3,4,1,2"
TechnicolorHijack,100,"1,2,3,4,5,8,9",0,1,7,519.517,34.6886,"5,6,0,3,4,1,2"
TechnicolorHijack,100,"1,2,3,4,5,8,9",0,2,"1,2",313.424,32.5649,"5,6,0,3,4,1,2"
TechnicolorHijack,100,"1,2,3,4,5,8,9",0,2,"1,3",317.958,32.7106,"5,6,0,3,4,1,2"
TechnicolorHijack,100,"1,2,3,4,5,8,9",0,2,"1,4",328.4,33.149,"5,6,0,3,4,1,2"
TechnicolorHijack,100,"1,2,3,4,5,8,9",0,2,"1,5",373.208,33.28,"5,6,0,3,4,1,2"
TechnicolorHijack,100,"1,2,3,4,5,8,9",0,2,"1,6",559.056,33.364,"5,6,0,3,4,1,2"
TechnicolorHijack,100,"1,2,3,4,5,8,9",0,2,"1,7",559.572,33.3706,"5,6,0,3,4,1,2"
TechnicolorHijack,100,"1,2,3,4,5,8,9",0,2,"2,3",552.059,33.7254,"5,6,0,3,4,1,2"
TechnicolorHijack,100,"1,2,3,4,5,8,9",0,2,"2,4",556.784,34.204,"5,6,0,3,4,1,2"
TechnicolorHijack,100,"1,2,3,4,5,8,9",0,2,"2,5",597.791,34.3953,"5,6,0,3,4,1,2"
TechnicolorHijack,100,"1,2,3,4,5,8,9",0,2,"2,6",785.471,34.4916,"5,6,0,3,4,1,2"
TechnicolorHijack,100,"1,2,3,4,5,8,9",0,2,"2,7",786.192,34.4965,"5,6,0,3,4,1,2"
TechnicolorHijack,100,"1,2,3,4,5,8,9",0,2,"3,4",563.131,34.2166,"5,6,0,3,4,1,2"
TechnicolorHijack,100,"1,2,3,4,5,8,9",0,2,"3,5",600.868,34.4108,"5,6,0,3,4,1,2"
TechnicolorHijack,100,"1,2,3,4,5,8,9",0,2,"3,6",787.702,34.5074,"5,6,0,3,4,1,2"
TechnicolorHijack,100,"1,2,3,4,5,8,9",0,2,"3,7",789.141,34.5134,"5,6,0,3,4,1,2"
TechnicolorHijack,100,"1,2,3,4,5,8,9",0,2,"4,5",610.684,34.5525,"5,6,0,3,4,1,2"
TechnicolorHijack,100,"1,2,3,4,5,8,9",0,2,"4,6",799.592,34.6476,"5,6,0,3,4,1,2"
TechnicolorHijack,100,"1,2,3,4,5,8,9",0,2,"4,7",799.936,34.6505,"5,6,0,3,4,1,2"
TechnicolorHijack,100,"1,2,3,4,5,8,9",0,2,"5,6",845.099,34.6278,"5,6,0,3,4,1,2"
TechnicolorHijack,100,"1,2,3,4,5,8,9",0,2,"5,7",848.313,34.6302,"5,6,0,3,4,1,2"
TechnicolorHijack,100,"1,2,3,4,5,8,9",0,2,"6,7",1030.006,34.6867,"5,6,0,3,4,1,2"
TechnicolorHijack,100,"1,2,3,4,5,8,9",0,3,"1,2,3",583.081,32.7054,"5,6,0,3,4,1,2"
TechnicolorHijack,100,"1,2,3,4,5,8,9",0,3,"1,2,4",594.058,33.0781,"5,6,0,3,4,1,2"
TechnicolorHijack,100,"1,2,3,4,5,8,9",0,3,"1,2,5",638.08,33.2255,"5,6,0,3,4,1,2"
TechnicolorHijack,100,"1,2,3,4,5,8,9",0,3,"1,2,6",823.04,33.301,"5,6,0,3,4,1,2"
TechnicolorHijack,100,"1,2,3,4,5,8,9",0,3,"1,2,7",823.657,33.3038,"5,6,0,3,4,1,2"
TechnicolorHijack,100,"1,2,3,4,5,8,9",0,3,"1,3,4",597.239,33.0832,"5,6,0,3,4,1,2"
TechnicolorHijack,100,"1,2,3,4,5,8,9",0,3,"1,3,5",643.029,33.2324,"5,6,0,3,4,1,2"
TechnicolorHijack,100,"1,2,3,4,5,8,9",0,3,"1,3,6",828.437,33.3081,"5,6,0,3,4,1,2"
TechnicolorHijack,100,"1,2,3,4,5,8,9",0,3,"1,3,7",829.138,33.3117,"5,6,0,3,4,1,2"
TechnicolorHijack,100,"1,2,3,4,5,8,9",0,3,"1,4,5",651.196,33.2756,"5,6,0,3,4,1,2"
TechnicolorHijack,100,"1,2,3,4,5,8,9",0,3,"1,4,6",838.765,33.3483,"5,6,0,3,4,1,2"
TechnicolorHijack,100,"1,2,3,4,5,8,9",0,3,"1,4,7",840.6,33.3497,"5,6,0,3,4,1,2"
TechnicolorHijack,100,"1,2,3,4,5,8,9",0,3,"1,5,6",884.332,33.3331,"5,6,0,3,4,1,2"
TechnicolorHijack,100,"1,2,3,4,5,8,9",0,3,"1,5,7",883.106,33.3341,"5,6,0,3,4,1,2"
TechnicolorHijack,100,"1,2,3,4,5,8,9",0,3,"1,6,7",1069.968,33.3734,"5,6,0,3,4,1,2"
TechnicolorHijack,100,"1,2,3,4,5,8,9",0,3,"2,3,4",831.778,34.2045,"5,6,0,3,4,1,2"
TechnicolorHijack,100,"1,2,3,4,5,8,9",0,3,"2,3,5",872.398,34.398,"5,6,0,3,4,1,2"
TechnicolorHijack,100,"1,2,3,4,5,8,9",0,3,"2,3,6",1058.643,34.4953,"5,6,0,3,4,1,2"
TechnicolorHijack,100,"1,2,3,4,5,8,9",0,3,"2,3,7",1061.478,34.5012,"5,6,0,3,4,1,2"
TechnicolorHijack,100,"1,2,3,4,5,8,9",0,3,"2,4,5",877.959,34.3678,"5,6,0,3,4,1,2"
TechnicolorHijack,100,"1,2,3,4,5,8,9",0,3,"2,4,6",1068.27,34.4677,"5,6,0,3,4,1,2"
TechnicolorHijack,100,"1,2,3,4,5,8,9",0,3,"2,4,7",1067.539,34.4702,"5,6,0,3,4,1,2"
TechnicolorHijack,100,"1,2,3,4,5,8,9",0,3,"2,5,6",1106.562,34.471,"5,6,0,3,4,1,2"
TechnicolorHijack,100,"1,2,3,4,5,8,9",0,3,"2,5,7",1108.828,34.4729,"5,6,0,3,4,1,2"
TechnicolorHijack,100,"1,2,3,4,5,8,9",0,3,"2,6,7",1295.952,34.5044,"5,6,0,3,4,1,2"
TechnicolorHijack,100,"1,2,3,4,5,8,9",0,3,"3,4,5",881.992,34.3808,"5,6,0,3,4,1,2"
TechnicolorHijack,100,"1,2,3,4,5,8,9",0,3,"3,4,6",1069.049,34.4799,"5,6,0,3,4,1,2"
TechnicolorHijack,100,"1,2,3,4,5,8,9",0,3,"3,4,7",1073.72,34.4824,"5,6,0,3,4,1,2"
TechnicolorHijack,100,"1,2,3,4,5,8,9",0,3,"3,5,6",1112.628,34.4855,"5,6,0,3,4,1,2"
TechnicolorHijack,100,"1,2,3,4,5,8,9",0,3,"3,5,7",1113.805,34.4875,"5,6,0,3,4,1,2"
TechnicolorHijack,100,"1,2,3,4,5,8,9",0,3,"3,6,7",1299.854,34.5204,"5,6,0,3,4,1,2"
TechnicolorHijack,100,"1,2,3,4,5,8,9",0,3,"4,5,6",1123.09,34.6263,"5,6,0,3,4,1,2"
TechnicolorHijack,100,"1,2,3,4,5,8,9",0,3,"4,5,7",1123.258,34.6287,"5,6,0,3,4,1,2"
TechnicolorHijack,100,"1,2,3,4,5,8,9",0,3,"4,6,7",1311.636,34.6608,"5,6,0,3,4,1,2"
TechnicolorHijack,100,"1,2,3,4,5,8,9",0,3,"5,6,7",1355.685,34.641,"5,6,0,3,4,1,2"
TechnicolorHijack,100,"1,2,3,4,5,8,9",6,1,1,281.631,31.7594,"6,4,0,3,1,2,5"
TechnicolorHijack,100,"1,2,3,4,5,8,9",6,1,2,322.702,32.6416,"6,4,0,3,1,2,5"
TechnicolorHijack,100,"1,2,3,4,5,8,9",6,1,3,327.785,32.6448,"6,4,0,3,1,2,5"
TechnicolorHijack,100,"1,2,3,4,5,8,9",6,1,4,345.57,32.7959,"6,4,0,3,1,2,5"
TechnicolorHijack,100,"1,2,3,4,5,8,9",6,1,5,537.676,32.8277,"6,4,0,3,1,2,5"
TechnicolorHijack,100,"1,2,3,4,5,8,9",6,1,6,539.263,32.8382,"6,4,0,3,1,2,5"
TechnicolorHijack,100,"1,2,3,4,5,8,9",6,1,7,541.353,32.855,"6,4,0,3,1,2,5"
TechnicolorHijack,100,"1,2,3,4,5,8,9",6,2,"1,2",596.641,32.0963,"6,4,0,3,1,2,5"
TechnicolorHijack,100,"1,2,3,4,5,8,9",6,2,"1,3",603.448,32.1206,"6,4,0,3,1,2,5"
TechnicolorHijack,100,"1,2,3,4,5,8,9",6,2,"1,4",613.808,32.1979,"6,4,0,3,1,2,5"
TechnicolorHijack,100,"1,2,3,4,5,8,9",6,2,"1,5",810.128,32.2152,"6,4,0,3,1,2,5"
TechnicolorHijack,100,"1,2,3,4,5,8,9",6,2,"1,6",809.187,32.2219,"6,4,0,3,1,2,5"
TechnicolorHijack,100,"1,2,3,4,5,8,9",6,2,"1,7",812.016,32.2273,"6,4,0,3,1,2,5"
TechnicolorHijack,100,"1,2,3,4,5,8,9",6,2,"2,3",640.366,32.6672,"6,4,0,3,1,2,5"
TechnicolorHijack,100,"1,2,3,4,5,8,9",6,2,"2,4",652.901,32.7575,"6,4,0,3,1,2,5"
TechnicolorHijack,100,"1,2,3,4,5,8,9",6,2,"2,5",848.453,32.7875,"6,4,0,3,1,2,5"
TechnicolorHijack,100,"1,2,3,4,5,8,9",6,2,"2,6",849.826,32.7953,"6,4,0,3,1,2,5"
TechnicolorHijack,100,"1,2,3,4,5,8,9",6,2,"2,7",852.295,32.8019,"6,4,0,3,1,2,5"
TechnicolorHijack,100,"1,2,3,4,5,8,9",6,2,"3,4",656.139,32.7341,"6,4,0,3,1,2,5"
TechnicolorHijack,100,"1,2,3,4,5,8,9",6,2,"3,5",852.565,32.7621,"6,4,0,3,1,2,5"
TechnicolorHijack,100,"1,2,3,4,5,8,9",6,2,"3,6",854.631,32.7699,"6,4,0,3,1,2,5"
TechnicolorHijack,100,"1,2,3,4,5,8,9",6,2,"3,7",858.908,32.7763,"6,4,0,3,1,2,5"
TechnicolorHijack,100,"1,2,3,4,5,8,9",6,2,"4,5",868.725,32.825,"6,4,0,3,1,2,5"
TechnicolorHijack,100,"1,2,3,4,5,8,9",6,2,"4,6",869.706,32.8364,"6,4,0,3,1,2,5"
TechnicolorHijack,100,"1,2,3,4,5,8,9",6,2,"4,7",874.218,32.8369,"6,4,0,3,1,2,5"
TechnicolorHijack,100,"1,2,3,4,5,8,9",6,2,"5,6",1066.225,32.8388,"6,4,0,3,1,2,5"
TechnicolorHijack,100,"1,2,3,4,5,8,9",6,2,"5,7",1067.927,32.8395,"6,4,0,3,1,2,5"
TechnicolorHijack,100,"1,2,3,4,5,8,9",6,2,"6,7",1069.57,32.8396,"6,4,0,3,1,2,5"
TechnicolorHijack,100,"1,2,3,4,5,8,9",6,3,"1,2,3",914.009,32.1187,"6,4,0,3,1,2,5"
TechnicolorHijack,100,"1,2,3,4,5,8,9",6,3,"1,2,4",927.175,32.1996,"6,4,0,3,1,2,5"
TechnicolorHijack,100,"1,2,3,4,5,8,9",6,3,"1,2,5",1124.156,32.2263,"6,4,0,3,1,2,5"
TechnicolorHijack,100,"1,2,3,4,5,8,9",6,3,"1,2,6",1125.069,32.2327,"6,4,0,3,1,2,5"
TechnicolorHijack,100,"1,2,3,4,5,8,9",6,3,"1,2,7",1127.687,32.238,"6,4,0,3,1,2,5"
TechnicolorHijack,100,"1,2,3,4,5,8,9",6,3,"1,3,4",931.761,32.201,"6,4,0,3,1,2,5"
TechnicolorHijack,100,"1,2,3,4,5,8,9",6,3,"1,3,5",1126.144,32.2265,"6,4,0,3,1,2,5"
TechnicolorHijack,100,"1,2,3,4,5,8,9",6,3,"1,3,6",1126.291,32.2329,"6,4,0,3,1,2,5"
TechnicolorHijack,100,"1,2,3,4,5,8,9",6,3,"1,3,7",1130.22,32.238,"6,4,0,3,1,2,5"
TechnicolorHijack,100,"1,2,3,4,5,8,9",6,3,"1,4,5",1139.841,32.2249,"6,4,0,3,1,2,5"
TechnicolorHijack,100,"1,2,3,4,5,8,9",6,3,"1,4,6",1142.022,32.2311,"6,4,0,3,1,2,5"
TechnicolorHijack,100,"1,2,3,4,5,8,9",6,3,"1,4,7",1143.942,32.2313,"6,4,0,3,1,2,5"
TechnicolorHijack,100,"1,2,3,4,5,8,9",6,3,"1,5,6",1334.39,32.2215,"6,4,0,3,1,2,5"
TechnicolorHijack,100,"1,2,3,4,5,8,9",6,3,"1,5,7",1340.078,32.2214,"6,4,0,3,1,2,5"
TechnicolorHijack,100,"1,2,3,4,5,8,9",6,3,"1,6,7",1338.796,32.2222,"6,4,0,3,1,2,5"
TechnicolorHijack,100,"1,2,3,4,5,8,9",6,3,"2,3,4",971.03,32.7573,"6,4,0,3,1,2,5"
TechnicolorHijack,100,"1,2,3,4,5,8,9",6,3,"2,3,5",1165.894,32.7859,"6,4,0,3,1,2,5"
TechnicolorHijack,100,"1,2,3,4,5,8,9",6,3,"2,3,6",1168.424,32.7937,"6,4,0,3,1,2,5"
TechnicolorHijack,100,"1,2,3,4,5,8,9",6,3,"2,3,7",1174.137,32.8001,"6,4,0,3,1,2,5"
TechnicolorHijack,100,"1,2,3,4,5,8,9",6,3,"2,4,5",1182.574,32.7882,"6,4,0,3,1,2,5"
TechnicolorHijack,100,"1,2,3,4,5,8,9",6,3,"2,4,6",1179.3,32.7956,"6,4,0,3,1,2,5"
TechnicolorHijack,100,"1,2,3,4,5,8,9",6,3,"2,4,7",1182.343,32.7963,"6,4,0,3,1,2,5"
TechnicolorHijack,100,"1,2,3,4,5,8,9",6,3,"2,5,6",1378.648,32.7952,"6,4,0,3,1,2,5"
TechnicolorHijack,100,"1,2,3,4,5,8,9",6,3,"2,5,7",1378.524,32.7956,"6,4,0,3,1,2,5"
TechnicolorHijack,100,"1,2,3,4,5,8,9",6,3,"2,6,7",1381.191,32.7962,"6,4,0,3,1,2,5"
TechnicolorHijack,100,"1,2,3,4,5,8,9",6,3,"3,4,5",1185.278,32.7642,"6,4,0,3,1,2,5"
TechnicolorHijack,100,"1,2,3,4,5,8,9",6,3,"3,4,6",1184.973,32.7717,"6,4,0,3,1,2,5"
TechnicolorHijack,100,"1,2,3,4,5,8,9",6,3,"3,4,7",1185.284,32.7724,"6,4,0,3,1,2,5"
TechnicolorHijack,100,"1,2,3,4,5,8,9",6,3,"3,5,6",1381.936,32.7695,"6,4,0,3,1,2,5"
TechnicolorHijack,100,"1,2,3,4,5,8,9",6,3,"3,5,7",1383.103,32.7698,"6,4,0,3,1,2,5"
TechnicolorHijack,100,"1,2,3,4,5,8,9",6,3,"3,6,7",1384.461,32.7708,"6,4,0,3,1,2,5"
TechnicolorHijack,100,"1,2,3,4,5,8,9",6,3,"4,5,6",1396.809,32.8363,"6,4,0,3,1,2,5"
TechnicolorHijack,100,"1,2,3,4,5,8,9",6,3,"4,5,7",1402.215,32.8366,"6,4,0,3,1,2,5"
TechnicolorHijack,100,"1,2,3,4,5,8,9",6,3,"4,6,7",1400.593,32.8372,"6,4,0,3,1,2,5"
TechnicolorHijack,100,"1,2,3,4,5,8,9",6,3,"5,6,7",1593.614,32.84,"6,4,0,3,1,2,5"
TechnicolorHijack,100,"1,2,3,4,5,8,9",7,1,1,287.49,27.4852,"6,5,1,2,0,3,4"
TechnicolorHijack,100,"1,2,3,4,5,8,9",7,1,2,289.653,27.5773,"6,5,1,2,0,3,4"
TechnicolorHijack,100,"1,2,3,4,5,8,9",7,1,3,489.407,32.4374,"6,5,1,2,0,3,4"
TechnicolorHijack,100,"1,2,3,4,5,8,9",7,1,4,492.34,32.4754,"6,5,1,2,0,3,4"
TechnicolorHijack,100,"1,2,3,4,5,8,9",7,1,5,495.824,32.4502,"6,5,1,2,0,3,4"
TechnicolorHijack,100,"1,2,3,4,5,8,9",7,1,6,509.484,32.4901,"6,5,1,2,0,3,4"
TechnicolorHijack,100,"1,2,3,4,5,8,9",7,1,7,558.54,32.8063,"6,5,1,2,0,3,4"
TechnicolorHijack,100,"1,2,3,4,5,8,9",7,2,"1,2",569.835,27.537,"6,5,1,2,0,3,4"
TechnicolorHijack,100,"1,2,3,4,5,8,9",7,2,"1,3",765.543,32.0331,"6,5,1,2,0,3,4"
TechnicolorHijack,100,"1,2,3,4,5,8,9",7,2,"1,4",768.835,32.0335,"6,5,1,2,0,3,4"
TechnicolorHijack,100,"1,2,3,4,5,8,9",7,2,"1,5",771.644,32.0307,"6,5,1,2,0,3,4"
TechnicolorHijack,100,"1,2,3,4,5,8,9",7,2,"1,6",786.112,32.0777,"6,5,1,2,0,3,4"
TechnicolorHijack,100,"1,2,3,4,5,8,9",7,2,"1,7",837.902,32.3813,"6,5,1,2,0,3,4"
TechnicolorHijack,100,"1,2,3,4,5,8,9",7,2,"2,3",769.151,32.1486,"6,5,1,2,0,3,4"
TechnicolorHijack,100,"1,2,3,4,5,8,9",7,2,"2,4",769.7,32.1491,"6,5,1,2,0,3,4"
TechnicolorHijack,100,"1,2,3,4,5,8,9",7,2,"2,5",772.731,32.1452,"6,5,1,2,0,3,4"
TechnicolorHijack,100,"1,2,3,4,5,8,9",7,2,"2,6",787.853,32.1917,"6,5,1,2,0,3,4"
TechnicolorHijack,100,"1,2,3,4,5,8,9",7,2,"2,7",839.346,32.5044,"6,5,1,2,0,3,4"
TechnicolorHijack,100,"1,2,3,4,5,8,9",7,2,"3,4",971.622,32.4377,"6,5,1,2,0,3,4"
TechnicolorHijack,100,"1,2,3,4,5,8,9",7,2,"3,5",974.725,32.4424,"6,5,1,2,0,3,4"
TechnicolorHijack,100,"1,2,3,4,5,8,9",7,2,"3,6",990.77,32.4784,"6,5,1,2,0,3,4"
TechnicolorHijack,100,"1,2,3,4,5,8,9",7,2,"3,7",1039.009,32.5239,"6,5,1,2,0,3,4"
TechnicolorHijack,100,"1,2,3,4,5,8,9",7,2,"4,5",976.912,32.4802,"6,5,1,2,0,3,4"
TechnicolorHijack,100,"1,2,3,4,5,8,9",7,2,"4,6",990.04,32.5155,"6,5,1,2,0,3,4"
TechnicolorHijack,100,"1,2,3,4,5,8,9",7,2,"4,7",1042.278,32.5611,"6,5,1,2,0,3,4"
TechnicolorHijack,100,"1,2,3,4,5,8,9",7,2,"5,6",995.941,32.4802,"6,5,1,2,0,3,4"
TechnicolorHijack,100,"1,2,3,4,5,8,9",7,2,"5,7",1043.766,32.5253,"6,5,1,2,0,3,4"
TechnicolorHijack,100,"1,2,3,4,5,8,9",7,2,"6,7",1058.395,32.5345,"6,5,1,2,0,3,4"
TechnicolorHijack,100,"1,2,3,4,5,8,9",7,3,"1,2,3",1049.41,32.0368,"6,5,1,2,0,3,4"
TechnicolorHijack,100,"1,2,3,4,5,8,9",7,3,"1,2,4",1050.896,32.0372,"6,5,1,2,0,3,4"
TechnicolorHijack,100,"1,2,3,4,5,8,9",7,3,"1,2,5",1050.07,32.0341,"6,5,1,2,0,3,4"
TechnicolorHijack,100,"1,2,3,4,5,8,9",7,3,"1,2,6",1079.106,32.0798,"6,5,1,2,0,3,4"
TechnicolorHijack,100,"1,2,3,4,5,8,9",7,3,"1,2,7",1113.41,32.3837,"6,5,1,2,0,3,4"
TechnicolorHijack,100,"1,2,3,4,5,8,9",7,3,"1,3,4",1248.901,32.0332,"6,5,1,2,0,3,4"
TechnicolorHijack,100,"1,2,3,4,5,8,9",7,3,"1,3,5",1254.1,32.0396,"6,5,1,2,0,3,4"
TechnicolorHijack,100,"1,2,3,4,5,8,9",7,3,"1,3,6",1266.079,32.0731,"6,5,1,2,0,3,4"
TechnicolorHijack,100,"1,2,3,4,5,8,9",7,3,"1,3,7",1318.57,32.1129,"6,5,1,2,0,3,4"
TechnicolorHijack,100,"1,2,3,4,5,8,9",7,3,"1,4,5",1252.648,32.0399,"6,5,1,2,0,3,4"
TechnicolorHijack,100,"1,2,3,4,5,8,9",7,3,"1,4,6",1268.026,32.0723,"6,5,1,2,0,3,4"
TechnicolorHijack,100,"1,2,3,4,5,8,9",7,3,"1,4,7",1317.212,32.1121,"6,5,1,2,0,3,4"
TechnicolorHijack,100,"1,2,3,4,5,8,9",7,3,"1,5,6",1273.31,32.0584,"6,5,1,2,0,3,4"
TechnicolorHijack,100,"1,2,3,4,5,8,9",7,3,"1,5,7",1321.26,32.098,"6,5,1,2,0,3,4"
TechnicolorHijack,100,"1,2,3,4,5,8,9",7,3,"1,6,7",1335.971,32.1169,"6,5,1,2,0,3,4"
TechnicolorHijack,100,"1,2,3,4,5,8,9",7,3,"2,3,4",1250.53,32.1487,"6,5,1,2,0,3,4"
TechnicolorHijack,100,"1,2,3,4,5,8,9",7,3,"2,3,5",1252.658,32.1544,"6,5,1,2,0,3,4"
TechnicolorHijack,100,"1,2,3,4,5,8,9",7,3,"2,3,6",1269.043,32.1883,"6,5,1,2,0,3,4"
TechnicolorHijack,100,"1,2,3,4,5,8,9",7,3,"2,3,7",1319.115,32.2297,"6,5,1,2,0,3,4"
TechnicolorHijack,100,"1,2,3,4,5,8,9",7,3,"2,4,5",1256.851,32.1548,"6,5,1,2,0,3,4"
TechnicolorHijack,100,"1,2,3,4,5,8,9",7,3,"2,4,6",1269.214,32.1876,"6,5,1,2,0,3,4"
TechnicolorHijack,100,"1,2,3,4,5,8,9",7,3,"2,4,7",1319.045,32.2289,"6,5,1,2,0,3,4"
TechnicolorHijack,100,"1,2,3,4,5,8,9",7,3,"2,5,6",1272.897,32.1731,"6,5,1,2,0,3,4"
TechnicolorHijack,100,"1,2,3,4,5,8,9",7,3,"2,5,7",1322.218,32.2143,"6,5,1,2,0,3,4"
TechnicolorHijack,100,"1,2,3,4,5,8,9",7,3,"2,6,7",1337.775,32.2325,"6,5,1,2,0,3,4"
TechnicolorHijack,100,"1,2,3,4,5,8,9",7,3,"3,4,5",1458.596,32.4424,"6,5,1,2,0,3,4"
TechnicolorHijack,100,"1,2,3,4,5,8,9",7,3,"3,4,6",1471.276,32.4773,"6,5,1,2,0,3,4"
TechnicolorHijack,100,"1,2,3,4,5,8,9",7,3,"3,4,7",1520.058,32.5228,"6,5,1,2,0,3,4"
TechnicolorHijack,100,"1,2,3,4,5,8,9",7,3,"3,5,6",1474.747,32.4722,"6,5,1,2,0,3,4"
TechnicolorHijack,100,"1,2,3,4,5,8,9",7,3,"3,5,7",1524.405,32.5176,"6,5,1,2,0,3,4"
TechnicolorHijack,100,"1,2,3,4,5,8,9",7,3,"3,6,7",1537.384,32.5231,"6,5,1,2,0,3,4"
TechnicolorHijack,100,"1,2,3,4,5,8,9",7,3,"4,5,6",1477.291,32.5104,"6,5,1,2,0,3,4"
TechnicolorHijack,100,"1,2,3,4,5,8,9",7,3,"4,5,7",1524.654,32.5559,"6,5,1,2,0,3,4"
TechnicolorHijack,100,"1,2,3,4,5,8,9",7,3,"4,6,7",1539.229,32.5603,"6,5,1,2,0,3,4"
TechnicolorHijack,100,"1,2,3,4,5,8,9",7,3,"5,6,7",1545.137,32.5245,"6,5,1,2,0,3,4"
TechnicolorHijack,150,"1,2,3,4,5,8,9",0,1,1,53.133,13.7096,"5,6,0,3,4,1,2"
TechnicolorHijack,150,"1,2,3,4,5,8,9",0,1,2,274.927,33.0366,"5,6,0,3,4,1,2"
TechnicolorHijack,150,"1,2,3,4,5,8,9",0,1,3,279.386,33.4027,"5,6,0,3,4,1,2"
TechnicolorHijack,150,"1,2,3,4,5,8,9",0,1,4,291.394,33.9924,"5,6,0,3,4,1,2"
TechnicolorHijack,150,"1,2,3,4,5,8,9",0,1,5,335.25,34.0779,"5,6,0,3,4,1,2"
TechnicolorHijack,150,"1,2,3,4,5,8,9",0,1,6,521.183,34.2844,"5,6,0,3,4,1,2"
TechnicolorHijack,150,"1,2,3,4,5,8,9",0,1,7,522.18,34.2904,"5,6,0,3,4,1,2"
TechnicolorHijack,150,"1,2,3,4,5,8,9",0,2,"1,2",313.429,31.9039,"5,6,0,3,4,1,2"
TechnicolorHijack,150,"1,2,3,4,5,8,9",0,2,"1,3",317.587,32.1721,"5,6,0,3,4,1,2"
TechnicolorHijack,150,"1,2,3,4,5,8,9",0,2,"1,4",328.942,32.6093,"5,6,0,3,4,1,2"
TechnicolorHijack,150,"1,2,3,4,5,8,9",0,2,"1,5",372.225,32.6713,"5,6,0,3,4,1,2"
TechnicolorHijack,150,"1,2,3,4,5,8,9",0,2,"1,6",558.456,32.8164,"5,6,0,3,4,1,2"
TechnicolorHijack,150,"1,2,3,4,5,8,9",0,2,"1,7",558.511,32.8182,"5,6,0,3,4,1,2"
TechnicolorHijack,150,"1,2,3,4,5,8,9",0,2,"2,3",550.095,33.1679,"5,6,0,3,4,1,2"
TechnicolorHijack,150,"1,2,3,4,5,8,9",0,2,"2,4",579.367,33.6664,"5,6,0,3,4,1,2"
TechnicolorHijack,150,"1,2,3,4,5,8,9",0,2,"2,5",596.974,33.7665,"5,6,0,3,4,1,2"
TechnicolorHijack,150,"1,2,3,4,5,8,9",0,2,"2,6",785.005,33.8514,"5,6,0,3,4,1,2"
TechnicolorHijack,150,"1,2,3,4,5,8,9",0,2,"2,7",786.579,33.851,"5,6,0,3,4,1,2"
TechnicolorHijack,150,"1,2,3,4,5,8,9",0,2,"3,4",561.992,33.9306,"5,6,0,3,4,1,2"
TechnicolorHijack,150,"1,2,3,4,5,8,9",0,2,"3,5",609.998,34.0385,"5,6,0,3,4,1,2"
TechnicolorHijack,150,"1,2,3,4,5,8,9",0,2,"3,6",789.72,34.1051,"5,6,0,3,4,1,2"
TechnicolorHijack,150,"1,2,3,4,5,8,9",0,2,"3,7",789.851,34.1047,"5,6,0,3,4,1,2"
TechnicolorHijack,150,"1,2,3,4,5,8,9",0,2,"4,5",612.207,34.0698,"5,6,0,3,4,1,2"
TechnicolorHijack,150,"1,2,3,4,5,8,9",0,2,"4,6",802.75,34.1318,"5,6,0,3,4,1,2"
TechnicolorHijack,150,"1,2,3,4,5,8,9",0,2,"4,7",801.906,34.1325,"5,6,0,3,4,1,2"
TechnicolorHijack,150,"1,2,3,4,5,8,9",0,2,"5,6",846.569,34.1104,"5,6,0,3,4,1,2"
TechnicolorHijack,150,"1,2,3,4,5,8,9",0,2,"5,7",846.992,34.1111,"5,6,0,3,4,1,2"
TechnicolorHijack,150,"1,2,3,4,5,8,9",0,2,"6,7",1031.616,34.2852,"5,6,0,3,4,1,2"
TechnicolorHijack,150,"1,2,3,4,5,8,9",0,3,"1,2,3",583.46,32.0045,"5,6,0,3,4,1,2"
TechnicolorHijack,150,"1,2,3,4,5,8,9",0,3,"1,2,4",594.3,32.385,"5,6,0,3,4,1,2"
TechnicolorHijack,150,"1,2,3,4,5,8,9",0,3,"1,2,5",638.094,32.4593,"5,6,0,3,4,1,2"
TechnicolorHijack,150,"1,2,3,4,5,8,9",0,3,"1,2,6",825.531,32.5226,"5,6,0,3,4,1,2"
TechnicolorHijack,150,"1,2,3,4,5,8,9",0,3,"1,2,7",826.392,32.5222,"5,6,0,3,4,1,2"
TechnicolorHijack,150,"1,2,3,4,5,8,9",0,3,"1,3,4",600.061,32.5683,"5,6,0,3,4,1,2"
TechnicolorHijack,150,"1,2,3,4,5,8,9",0,3,"1,3,5",643.497,32.6469,"5,6,0,3,4,1,2"
TechnicolorHijack,150,"1,2,3,4,5,8,9",0,3,"1,3,6",828.941,32.6961,"5,6,0,3,4,1,2"
TechnicolorHijack,150,"1,2,3,4,5,8,9",0,3,"1,3,7",828.922,32.6956,"5,6,0,3,4,1,2"
TechnicolorHijack,150,"1,2,3,4,5,8,9",0,3,"1,4,5",652.8,32.6654,"5,6,0,3,4,1,2"
TechnicolorHijack,150,"1,2,3,4,5,8,9",0,3,"1,4,6",840.438,32.7116,"5,6,0,3,4,1,2"
TechnicolorHijack,150,"1,2,3,4,5,8,9",0,3,"1,4,7",842.306,32.7119,"5,6,0,3,4,1,2"
TechnicolorHijack,150,"1,2,3,4,5,8,9",0,3,"1,5,6",883.539,32.6961,"5,6,0,3,4,1,2"
TechnicolorHijack,150,"1,2,3,4,5,8,9",0,3,"1,5,7",884.84,32.6964,"5,6,0,3,4,1,2"
TechnicolorHijack,150,"1,2,3,4,5,8,9",0,3,"1,6,7",1070.175,32.8167,"5,6,0,3,4,1,2"
TechnicolorHijack,150,"1,2,3,4,5,8,9",0,3,"2,3,4",832.704,33.6665,"5,6,0,3,4,1,2"
TechnicolorHijack,150,"1,2,3,4,5,8,9",0,3,"2,3,5",874.73,33.768,"5,6,0,3,4,1,2"
TechnicolorHijack,150,"1,2,3,4,5,8,9",0,3,"2,3,6",1063.459,33.8306,"5,6,0,3,4,1,2"
TechnicolorHijack,150,"1,2,3,4,5,8,9",0,3,"2,3,7",1063.845,33.8302,"5,6,0,3,4,1,2"
TechnicolorHijack,150,"1,2,3,4,5,8,9",0,3,"2,4,5",878.033,33.7395,"5,6,0,3,4,1,2"
TechnicolorHijack,150,"1,2,3,4,5,8,9",0,3,"2,4,6",1069.004,33.8047,"5,6,0,3,4,1,2"
TechnicolorHijack,150,"1,2,3,4,5,8,9",0,3,"2,4,7",1068.892,33.8051,"5,6,0,3,4,1,2"
TechnicolorHijack,150,"1,2,3,4,5,8,9",0,3,"2,5,6",1107.439,33.8046,"5,6,0,3,4,1,2"
TechnicolorHijack,150,"1,2,3,4,5,8,9",0,3,"2,5,7",1109.507,33.805,"5,6,0,3,4,1,2"
TechnicolorHijack,150,"1,2,3,4,5,8,9",0,3,"2,6,7",1299.646,33.8518,"5,6,0,3,4,1,2"
TechnicolorHijack,150,"1,2,3,4,5,8,9",0,3,"3,4,5",884.911,34.0082,"5,6,0,3,4,1,2"
TechnicolorHijack,150,"1,2,3,4,5,8,9",0,3,"3,4,6",1071.333,34.0777,"5,6,0,3,4,1,2"
TechnicolorHijack,150,"1,2,3,4,5,8,9",0,3,"3,4,7",1071.754,34.078,"5,6,0,3,4,1,2"
TechnicolorHijack,150,"1,2,3,4,5,8,9",0,3,"3,5,6",1113.303,34.0791,"5,6,0,3,4,1,2"
TechnicolorHijack,150,"1,2,3,4,5,8,9",0,3,"3,5,7",1112.892,34.0795,"5,6,0,3,4,1,2"
TechnicolorHijack,150,"1,2,3,4,5,8,9",0,3,"3,6,7",1304.381,34.1056,"5,6,0,3,4,1,2"
TechnicolorHijack,150,"1,2,3,4,5,8,9",0,3,"4,5,6",1124.116,34.1025,"5,6,0,3,4,1,2"
TechnicolorHijack,150,"1,2,3,4,5,8,9",0,3,"4,5,7",1125.135,34.1031,"5,6,0,3,4,1,2"
TechnicolorHijack,150,"1,2,3,4,5,8,9",0,3,"4,6,7",1316.521,34.1326,"5,6,0,3,4,1,2"
TechnicolorHijack,150,"1,2,3,4,5,8,9",0,3,"5,6,7",1356.7,34.1112,"5,6,0,3,4,1,2"
TechnicolorHijack,150,"1,2,3,4,5,8,9",6,1,1,283.26,31.7175,"6,4,0,3,1,2,5"
TechnicolorHijack,150,"1,2,3,4,5,8,9",6,1,2,322.957,32.5145,"6,4,0,3,1,2,5"
TechnicolorHijack,150,"1,2,3,4,5,8,9",6,1,3,326.92,32.5289,"6,4,0,3,1,2,5"
TechnicolorHijack,150,"1,2,3,4,5,8,9",6,1,4,341.596,32.6901,"6,4,0,3,1,2,5"
TechnicolorHijack,150,"1,2,3,4,5,8,9",6,1,5,538.076,32.7591,"6,4,0,3,1,2,5"
TechnicolorHijack,150,"1,2,3,4,5,8,9",6,1,6,538.738,32.7585,"6,4,0,3,1,2,5"
TechnicolorHijack,150,"1,2,3,4,5,8,9",6,1,7,541.887,32.7508,"6,4,0,3,1,2,5"
TechnicolorHijack,150,"1,2,3,4,5,8,9",6,2,"1,2",596.321,32.0086,"6,4,0,3,1,2,5"
TechnicolorHijack,150,"1,2,3,4,5,8,9",6,2,"1,3",600.396,32.0108,"6,4,0,3,1,2,5"
TechnicolorHijack,150,"1,2,3,4,5,8,9",6,2,"1,4",612.158,32.0911,"6,4,0,3,1,2,5"
TechnicolorHijack,150,"1,2,3,4,5,8,9",6,2,"1,5",808.843,32.1365,"6,4,0,3,1,2,5"
TechnicolorHijack,150,"1,2,3,4,5,8,9",6,2,"1,6",809.538,32.1362,"6,4,0,3,1,2,5"
TechnicolorHijack,150,"1,2,3,4,5,8,9",6,2,"1,7",814.285,32.1359,"6,4,0,3,1,2,5"
TechnicolorHijack,150,"1,2,3,4,5,8,9",6,2,"2,3",638.439,32.5176,"6,4,0,3,1,2,5"
TechnicolorHijack,150,"1,2,3,4,5,8,9",6,2,"2,4",654.528,32.6117,"6,4,0,3,1,2,5"
TechnicolorHijack,150,"1,2,3,4,5,8,9",6,2,"2,5",851.799,32.6692,"6,4,0,3,1,2,5"
TechnicolorHijack,150,"1,2,3,4,5,8,9",6,2,"2,6",850.855,32.6685,"6,4,0,3,1,2,5"
TechnicolorHijack,150,"1,2,3,4,5,8,9",6,2,"2,7",854.176,32.6682,"6,4,0,3,1,2,5"
TechnicolorHijack,150,"1,2,3,4,5,8,9",6,2,"3,4",660.438,32.6273,"6,4,0,3,1,2,5"
TechnicolorHijack,150,"1,2,3,4,5,8,9",6,2,"3,5",856.708,32.6861,"6,4,0,3,1,2,5"
TechnicolorHijack,150,"1,2,3,4,5,8,9",6,2,"3,6",859.04,32.6852,"6,4,0,3,1,2,5"
TechnicolorHijack,150,"1,2,3,4,5,8,9",6,2,"3,7",859.44,32.6846,"6,4,0,3,1,2,5"
TechnicolorHijack,150,"1,2,3,4,5,8,9",6,2,"4,5",871.413,32.7492,"6,4,0,3,1,2,5"
TechnicolorHijack,150,"1,2,3,4,5,8,9",6,2,"4,6",873.456,32.7487,"6,4,0,3,1,2,5"
TechnicolorHijack,150,"1,2,3,4,5,8,9",6,2,"4,7",876.144,32.7462,"6,4,0,3,1,2,5"
TechnicolorHijack,150,"1,2,3,4,5,8,9",6,2,"5,6",1068.82,32.759,"6,4,0,3,1,2,5"
TechnicolorHijack,150,"1,2,3,4,5,8,9",6,2,"5,7",1070.611,32.7566,"6,4,0,3,1,2,5"
TechnicolorHijack,150,"1,2,3,4,5,8,9",6,2,"6,7",1072.68,32.7562,"6,4,0,3,1,2,5"
TechnicolorHijack,150,"1,2,3,4,5,8,9",6,3,"1,2,3",914.626,32.0099,"6,4,0,3,1,2,5"
TechnicolorHijack,150,"1,2,3,4,5,8,9",6,3,"1,2,4",925.672,32.0944,"6,4,0,3,1,2,5"
TechnicolorHijack,150,"1,2,3,4,5,8,9",6,3,"1,2,5",1124.641,32.1459,"6,4,0,3,1,2,5"
TechnicolorHijack,150,"1,2,3,4,5,8,9",6,3,"1,2,6",1124.474,32.1457,"6,4,0,3,1,2,5"
TechnicolorHijack,150,"1,2,3,4,5,8,9",6,3,"1,2,7",1131.378,32.1454,"6,4,0,3,1,2,5"
TechnicolorHijack,150,"1,2,3,4,5,8,9",6,3,"1,3,4",929.468,32.0993,"6,4,0,3,1,2,5"
TechnicolorHijack,150,"1,2,3,4,5,8,9",6,3,"1,3,5",1129.879,32.1503,"6,4,0,3,1,2,5"
TechnicolorHijack,150,"1,2,3,4,5,8,9",6,3,"1,3,6",1128.63,32.15,"6,4,0,3,1,2,5"
TechnicolorHijack,150,"1,2,3,4,5,8,9",6,3,"1,3,7",1130.654,32.1495,"6,4,0,3,1,2,5"
TechnicolorHijack,150,"1,2,3,4,5,8,9",6,3,"1,4,5",1143.351,32.1402,"6,4,0,3,1,2,5"
TechnicolorHijack,150,"1,2,3,4,5,8,9",6,3,"1,4,6",1142.446,32.1396,"6,4,0,3,1,2,5"
TechnicolorHijack,150,"1,2,3,4,5,8,9",6,3,"1,4,7",1143.471,32.1373,"6,4,0,3,1,2,5"
TechnicolorHijack,150,"1,2,3,4,5,8,9",6,3,"1,5,6",1339.741,32.136,"6,4,0,3,1,2,5"
TechnicolorHijack,150,"1,2,3,4,5,8,9",6,3,"1,5,7",1344.654,32.1339,"6,4,0,3,1,2,5"
TechnicolorHijack,150,"1,2,3,4,5,8,9",6,3,"1,6,7",1344.422,32.1341,"6,4,0,3,1,2,5"
TechnicolorHijack,150,"1,2,3,4,5,8,9",6,3,"2,3,4",968.303,32.6162,"6,4,0,3,1,2,5"
TechnicolorHijack,150,"1,2,3,4,5,8,9",6,3,"2,3,5",1172.805,32.6732,"6,4,0,3,1,2,5"
TechnicolorHijack,150,"1,2,3,4,5,8,9",6,3,"2,3,6",1169.012,32.6723,"6,4,0,3,1,2,5"
TechnicolorHijack,150,"1,2,3,4,5,8,9",6,3,"2,3,7",1169.629,32.6717,"6,4,0,3,1,2,5"
TechnicolorHijack,150,"1,2,3,4,5,8,9",6,3,"2,4,5",1180.461,32.6667,"6,4,0,3,1,2,5"
TechnicolorHijack,150,"1,2,3,4,5,8,9",6,3,"2,4,6",1180.64,32.6654,"6,4,0,3,1,2,5"
TechnicolorHijack,150,"1,2,3,4,5,8,9",6,3,"2,4,7",1182.102,32.6629,"6,4,0,3,1,2,5"
TechnicolorHijack,150,"1,2,3,4,5,8,9",6,3,"2,5,6",1380.777,32.6681,"6,4,0,3,1,2,5"
TechnicolorHijack,150,"1,2,3,4,5,8,9",6,3,"2,5,7",1381.834,32.6658,"6,4,0,3,1,2,5"
TechnicolorHijack,150,"1,2,3,4,5,8,9",6,3,"2,6,7",1382.613,32.6662,"6,4,0,3,1,2,5"
TechnicolorHijack,150,"1,2,3,4,5,8,9",6,3,"3,4,5",1196.225,32.6833,"6,4,0,3,1,2,5"
TechnicolorHijack,150,"1,2,3,4,5,8,9",6,3,"3,4,6",1188.128,32.682,"6,4,0,3,1,2,5"
TechnicolorHijack,150,"1,2,3,4,5,8,9",6,3,"3,4,7",1191.157,32.6794,"6,4,0,3,1,2,5"
TechnicolorHijack,150,"1,2,3,4,5,8,9",6,3,"3,5,6",1385.336,32.6848,"6,4,0,3,1,2,5"
TechnicolorHijack,150,"1,2,3,4,5,8,9",6,3,"3,5,7",1386.107,32.6825,"6,4,0,3,1,2,5"
TechnicolorHijack,150,"1,2,3,4,5,8,9",6,3,"3,6,7",1390.276,32.6829,"6,4,0,3,1,2,5"
TechnicolorHijack,150,"1,2,3,4,5,8,9",6,3,"4,5,6",1403.032,32.7487,"6,4,0,3,1,2,5"
TechnicolorHijack,150,"1,2,3,4,5,8,9",6,3,"4,5,7",1400.646,32.7462,"6,4,0,3,1,2,5"
TechnicolorHijack,150,"1,2,3,4,5,8,9",6,3,"4,6,7",1402.761,32.7464,"6,4,0,3,1,2,5"
TechnicolorHijack,150,"1,2,3,4,5,8,9",6,3,"5,6,7",1611.07,32.7568,"6,4,0,3,1,2,5"
TechnicolorHijack,150,"1,2,3,4,5,8,9",7,1,1,288.151,27.665,"6,5,1,2,0,3,4"
TechnicolorHijack,150,"1,2,3,4,5,8,9",7,1,2,288.97,27.7344,"6,5,1,2,0,3,4"
TechnicolorHijack,150,"1,2,3,4,5,8,9",7,1,3,491.423,32.4246,"6,5,1,2,0,3,4"
TechnicolorHijack,150,"1,2,3,4,5,8,9",7,1,4,493.405,32.432,"6,5,1,2,0,3,4"
TechnicolorHijack,150,"1,2,3,4,5,8,9",7,1,5,513.625,32.4157,"6,5,1,2,0,3,4"
TechnicolorHijack,150,"1,2,3,4,5,8,9",7,1,6,510.362,32.4461,"6,5,1,2,0,3,4"
TechnicolorHijack,150,"1,2,3,4,5,8,9",7,1,7,557.235,32.7781,"6,5,1,2,0,3,4"
TechnicolorHijack,150,"1,2,3,4,5,8,9",7,2,"1,2",566.108,27.7054,"6,5,1,2,0,3,4"
TechnicolorHijack,150,"1,2,3,4,5,8,9",7,2,"1,3",769.593,32.0215,"6,5,1,2,0,3,4"
TechnicolorHijack,150,"1,2,3,4,5,8,9",7,2,"1,4",770.313,32.0259,"6,5,1,2,0,3,4"
TechnicolorHijack,150,"1,2,3,4,5,8,9",7,2,"1,5",773.359,32.0416,"6,5,1,2,0,3,4"
TechnicolorHijack,150,"1,2,3,4,5,8,9",7,2,"1,6",790.074,32.0777,"6,5,1,2,0,3,4"
TechnicolorHijack,150,"1,2,3,4,5,8,9",7,2,"1,7",834.34,32.3829,"6,5,1,2,0,3,4"
TechnicolorHijack,150,"1,2,3,4,5,8,9",7,2,"2,3",770.297,32.1007,"6,5,1,2,0,3,4"
TechnicolorHijack,150,"1,2,3,4,5,8,9",7,2,"2,4",770.481,32.1051,"6,5,1,2,0,3,4"
TechnicolorHijack,150,"1,2,3,4,5,8,9",7,2,"2,5",777.699,32.1213,"6,5,1,2,0,3,4"
TechnicolorHijack,150,"1,2,3,4,5,8,9",7,2,"2,6",788.283,32.1603,"6,5,1,2,0,3,4"
TechnicolorHijack,150,"1,2,3,4,5,8,9",7,2,"2,7",836.69,32.4716,"6,5,1,2,0,3,4"
TechnicolorHijack,150,"1,2,3,4,5,8,9",7,2,"3,4",973.407,32.4278,"6,5,1,2,0,3,4"
TechnicolorHijack,150,"1,2,3,4,5,8,9",7,2,"3,5",978.593,32.4396,"6,5,1,2,0,3,4"
TechnicolorHijack,150,"1,2,3,4,5,8,9",7,2,"3,6",991.523,32.4736,"6,5,1,2,0,3,4"
TechnicolorHijack,150,"1,2,3,4,5,8,9",7,2,"3,7",1039.602,32.5161,"6,5,1,2,0,3,4"
TechnicolorHijack,150,"1,2,3,4,5,8,9",7,2,"4,5",979.644,32.4448,"6,5,1,2,0,3,4"
TechnicolorHijack,150,"1,2,3,4,5,8,9",7,2,"4,6",992.263,32.4773,"6,5,1,2,0,3,4"
TechnicolorHijack,150,"1,2,3,4,5,8,9",7,2,"4,7",1041.262,32.5199,"6,5,1,2,0,3,4"
TechnicolorHijack,150,"1,2,3,4,5,8,9",7,2,"5,6",996.572,32.4475,"6,5,1,2,0,3,4"
TechnicolorHijack,150,"1,2,3,4,5,8,9",7,2,"5,7",1044.046,32.4898,"6,5,1,2,0,3,4"
TechnicolorHijack,150,"1,2,3,4,5,8,9",7,2,"6,7",1059.626,32.4885,"6,5,1,2,0,3,4"
TechnicolorHijack,150,"1,2,3,4,5,8,9",7,3,"1,2,3",1047.86,32.0222,"6,5,1,2,0,3,4"
TechnicolorHijack,150,"1,2,3,4,5,8,9",7,3,"1,2,4",1045.123,32.0266,"6,5,1,2,0,3,4"
TechnicolorHijack,150,"1,2,3,4,5,8,9",7,3,"1,2,5",1052.27,32.0425,"6,5,1,2,0,3,4"
TechnicolorHijack,150,"1,2,3,4,5,8,9",7,3,"1,2,6",1064.012,32.0809,"6,5,1,2,0,3,4"
TechnicolorHijack,150,"1,2,3,4,5,8,9",7,3,"1,2,7",1113.929,32.3863,"6,5,1,2,0,3,4"
TechnicolorHijack,150,"1,2,3,4,5,8,9",7,3,"1,3,4",1252.846,32.0254,"6,5,1,2,0,3,4"
TechnicolorHijack,150,"1,2,3,4,5,8,9",7,3,"1,3,5",1257.509,32.0362,"6,5,1,2,0,3,4"
TechnicolorHijack,150,"1,2,3,4,5,8,9",7,3,"1,3,6",1267.411,32.0671,"6,5,1,2,0,3,4"
TechnicolorHijack,150,"1,2,3,4,5,8,9",7,3,"1,3,7",1316.432,32.1058,"6,5,1,2,0,3,4"
TechnicolorHijack,150,"1,2,3,4,5,8,9",7,3,"1,4,5",1256.833,32.0375,"6,5,1,2,0,3,4"
TechnicolorHijack,150,"1,2,3,4,5,8,9",7,3,"1,4,6",1266.761,32.0676,"6,5,1,2,0,3,4"
TechnicolorHijack,150,"1,2,3,4,5,8,9",7,3,"1,4,7",1317.746,32.1062,"6,5,1,2,0,3,4"
TechnicolorHijack,150,"1,2,3,4,5,8,9",7,3,"1,5,6",1271.193,32.0714,"6,5,1,2,0,3,4"
TechnicolorHijack,150,"1,2,3,4,5,8,9",7,3,"1,5,7",1321.51,32.11,"6,5,1,2,0,3,4"
TechnicolorHijack,150,"1,2,3,4,5,8,9",7,3,"1,6,7",1335.133,32.1165,"6,5,1,2,0,3,4"
TechnicolorHijack,150,"1,2,3,4,5,8,9",7,3,"2,3,4",1252.713,32.1047,"6,5,1,2,0,3,4"
TechnicolorHijack,150,"1,2,3,4,5,8,9",7,3,"2,3,5",1257.354,32.1158,"6,5,1,2,0,3,4"
TechnicolorHijack,150,"1,2,3,4,5,8,9",7,3,"2,3,6",1269.709,32.1468,"6,5,1,2,0,3,4"
TechnicolorHijack,150,"1,2,3,4,5,8,9",7,3,"2,3,7",1318.953,32.1862,"6,5,1,2,0,3,4"
TechnicolorHijack,150,"1,2,3,4,5,8,9",7,3,"2,4,5",1256.705,32.1169,"6,5,1,2,0,3,4"
TechnicolorHijack,150,"1,2,3,4,5,8,9",7,3,"2,4,6",1269.707,32.1471,"6,5,1,2,0,3,4"
TechnicolorHijack,150,"1,2,3,4,5,8,9",7,3,"2,4,7",1319.167,32.1864,"6,5,1,2,0,3,4"
TechnicolorHijack,150,"1,2,3,4,5,8,9",7,3,"2,5,6",1275.679,32.1512,"6,5,1,2,0,3,4"
TechnicolorHijack,150,"1,2,3,4,5,8,9",7,3,"2,5,7",1323.476,32.1905,"6,5,1,2,0,3,4"
TechnicolorHijack,150,"1,2,3,4,5,8,9",7,3,"2,6,7",1334.266,32.1999,"6,5,1,2,0,3,4"
TechnicolorHijack,150,"1,2,3,4,5,8,9",7,3,"3,4,5",1460.322,32.4396,"6,5,1,2,0,3,4"
TechnicolorHijack,150,"1,2,3,4,5,8,9",7,3,"3,4,6",1474.364,32.4727,"6,5,1,2,0,3,4"
TechnicolorHijack,150,"1,2,3,4,5,8,9",7,3,"3,4,7",1521.453,32.5151,"6,5,1,2,0,3,4"
TechnicolorHijack,150,"1,2,3,4,5,8,9",7,3,"3,5,6",1479.236,32.4725,"6,5,1,2,0,3,4"
TechnicolorHijack,150,"1,2,3,4,5,8,9",7,3,"3,5,7",1527.391,32.5149,"6,5,1,2,0,3,4"
TechnicolorHijack,150,"1,2,3,4,5,8,9",7,3,"3,6,7",1537.314,32.5162,"6,5,1,2,0,3,4"
TechnicolorHijack,150,"1,2,3,4,5,8,9",7,3,"4,5,6",1478.83,32.4771,"6,5,1,2,0,3,4"
TechnicolorHijack,150,"1,2,3,4,5,8,9",7,3,"4,5,7",1526.644,32.5197,"6,5,1,2,0,3,4"
TechnicolorHijack,150,"1,2,3,4,5,8,9",7,3,"4,6,7",1538.409,32.5201,"6,5,1,2,0,3,4"
TechnicolorHijack,150,"1,2,3,4,5,8,9",7,3,"5,6,7",1544.59,32.49,"6,5,1,2,0,3,4"
TechnicolorHijack,200,"1,2,3,4,5,8,9",0,1,1,53.253,13.8295,"5,6,0,3,4,1,2"
TechnicolorHijack,200,"1,2,3,4,5,8,9",0,1,2,275.435,33.4361,"5,6,0,3,4,1,2"
TechnicolorHijack,200,"1,2,3,4,5,8,9",0,1,3,279.793,33.6732,"5,6,0,3,4,1,2"
TechnicolorHijack,200,"1,2,3,4,5,8,9",0,1,4,290.871,34.3964,"5,6,0,3,4,1,2"
TechnicolorHijack,200,"1,2,3,4,5,8,9",0,1,5,335.404,34.5508,"5,6,0,3,4,1,2"
TechnicolorHijack,200,"1,2,3,4,5,8,9",0,1,6,520.329,34.6919,"5,6,0,3,4,1,2"
TechnicolorHijack,200,"1,2,3,4,5,8,9",0,1,7,521.639,34.7032,"5,6,0,3,4,1,2"
TechnicolorHijack,200,"1,2,3,4,5,8,9",0,2,"1,2",312.793,32.3946,"5,6,0,3,4,1,2"
TechnicolorHijack,200,"1,2,3,4,5,8,9",0,2,"1,3",318.042,32.575,"5,6,0,3,4,1,2"
TechnicolorHijack,200,"1,2,3,4,5,8,9",0,2,"1,4",328.936,33.1038,"5,6,0,3,4,1,2"
TechnicolorHijack,200,"1,2,3,4,5,8,9",0,2,"1,5",373.172,33.2193,"5,6,0,3,4,1,2"
TechnicolorHijack,200,"1,2,3,4,5,8,9",0,2,"1,6",559.771,33.3249,"5,6,0,3,4,1,2"
TechnicolorHijack,200,"1,2,3,4,5,8,9",0,2,"1,7",560.16,33.3236,"5,6,0,3,4,1,2"
TechnicolorHijack,200,"1,2,3,4,5,8,9",0,2,"2,3",550.915,33.6391,"5,6,0,3,4,1,2"
TechnicolorHijack,200,"1,2,3,4,5,8,9",0,2,"2,4",557.296,34.2573,"5,6,0,3,4,1,2"
TechnicolorHijack,200,"1,2,3,4,5,8,9",0,2,"2,5",598.352,34.4163,"5,6,0,3,4,1,2"
TechnicolorHijack,200,"1,2,3,4,5,8,9",0,2,"2,6",787.119,34.4989,"5,6,0,3,4,1,2"
TechnicolorHijack,200,"1,2,3,4,5,8,9",0,2,"2,7",788.241,34.5075,"5,6,0,3,4,1,2"
TechnicolorHijack,200,"1,2,3,4,5,8,9",0,2,"3,4",568.152,34.2971,"5,6,0,3,4,1,2"
TechnicolorHijack,200,"1,2,3,4,5,8,9",0,2,"3,5",606.267,34.4594,"5,6,0,3,4,1,2"
TechnicolorHijack,200,"1,2,3,4,5,8,9",0,2,"3,6",789.432,34.5512,"5,6,0,3,4,1,2"
TechnicolorHijack,200,"1,2,3,4,5,8,9",0,2,"3,7",791.98,34.5753,"5,6,0,3,4,1,2"
TechnicolorHijack,200,"1,2,3,4,5,8,9",0,2,"4,5",613.835,34.5362,"5,6,0,3,4,1,2"
TechnicolorHijack,200,"1,2,3,4,5,8,9",0,2,"4,6",801.983,34.6178,"5,6,0,3,4,1,2"
TechnicolorHijack,200,"1,2,3,4,5,8,9",0,2,"4,7",802.206,34.6237,"5,6,0,3,4,1,2"
TechnicolorHijack,200,"1,2,3,4,5,8,9",0,2,"5,6",844.934,34.6309,"5,6,0,3,4,1,2"
TechnicolorHijack,200,"1,2,3,4,5,8,9",0,2,"5,7",847.295,34.6368,"5,6,0,3,4,1,2"
TechnicolorHijack,200,"1,2,3,4,5,8,9",0,2,"6,7",1032.832,34.6996,"5,6,0,3,4,1,2"
TechnicolorHijack,200,"1,2,3,4,5,8,9",0,3,"1,2,3",582.838,32.5527,"5,6,0,3,4,1,2"
TechnicolorHijack,200,"1,2,3,4,5,8,9",0,3,"1,2,4",595.848,33.0182,"5,6,0,3,4,1,2"
TechnicolorHijack,200,"1,2,3,4,5,8,9",0,3,"1,2,5",640.399,33.1372,"5,6,0,3,4,1,2"
TechnicolorHijack,200,"1,2,3,4,5,8,9",0,3,"1,2,6",823.549,33.1981,"5,6,0,3,4,1,2"
TechnicolorHijack,200,"1,2,3,4,5,8,9",0,3,"1,2,7",825.426,33.1965,"5,6,0,3,4,1,2"
TechnicolorHijack,200,"1,2,3,4,5,8,9",0,3,"1,3,4",599.173,33.0435,"5,6,0,3,4,1,2"
TechnicolorHijack,200,"1,2,3,4,5,8,9",0,3,"1,3,5",644.682,33.1645,"5,6,0,3,4,1,2"
TechnicolorHijack,200,"1,2,3,4,5,8,9",0,3,"1,3,6",830.451,33.2324,"5,6,0,3,4,1,2"
TechnicolorHijack,200,"1,2,3,4,5,8,9",0,3,"1,3,7",830.636,33.2418,"5,6,0,3,4,1,2"
TechnicolorHijack,200,"1,2,3,4,5,8,9",0,3,"1,4,5",651.881,33.2071,"5,6,0,3,4,1,2"
TechnicolorHijack,200,"1,2,3,4,5,8,9",0,3,"1,4,6",838.958,33.2686,"5,6,0,3,4,1,2"
TechnicolorHijack,200,"1,2,3,4,5,8,9",0,3,"1,4,7",841.862,33.2646,"5,6,0,3,4,1,2"
TechnicolorHijack,200,"1,2,3,4,5,8,9",0,3,"1,5,6",884.883,33.2796,"5,6,0,3,4,1,2"
TechnicolorHijack,200,"1,2,3,4,5,8,9",0,3,"1,5,7",883.839,33.2756,"5,6,0,3,4,1,2"
TechnicolorHijack,200,"1,2,3,4,5,8,9",0,3,"1,6,7",1072.281,33.3218,"5,6,0,3,4,1,2"
TechnicolorHijack,200,"1,2,3,4,5,8,9",0,3,"2,3,4",837.444,34.2575,"5,6,0,3,4,1,2"
TechnicolorHijack,200,"1,2,3,4,5,8,9",0,3,"2,3,5",872.561,34.4182,"5,6,0,3,4,1,2"
TechnicolorHijack,200,"1,2,3,4,5,8,9",0,3,"2,3,6",1061.213,34.4988,"5,6,0,3,4,1,2"
TechnicolorHijack,200,"1,2,3,4,5,8,9",0,3,"2,3,7",1061.859,34.5225,"5,6,0,3,4,1,2"
TechnicolorHijack,200,"1,2,3,4,5,8,9",0,3,"2,4,5",881.243,34.3951,"5,6,0,3,4,1,2"
TechnicolorHijack,200,"1,2,3,4,5,8,9",0,3,"2,4,6",1067.184,34.4666,"5,6,0,3,4,1,2"
TechnicolorHijack,200,"1,2,3,4,5,8,9",0,3,"2,4,7",1068.304,34.4712,"5,6,0,3,4,1,2"
TechnicolorHijack,200,"1,2,3,4,5,8,9",0,3,"2,5,6",1107.866,34.487,"5,6,0,3,4,1,2"
TechnicolorHijack,200,"1,2,3,4,5,8,9",0,3,"2,5,7",1110.706,34.4916,"5,6,0,3,4,1,2"
TechnicolorHijack,200,"1,2,3,4,5,8,9",0,3,"2,6,7",1298.875,34.5049,"5,6,0,3,4,1,2"
TechnicolorHijack,200,"1,2,3,4,5,8,9",0,3,"3,4,5",883.092,34.4364,"5,6,0,3,4,1,2"
TechnicolorHijack,200,"1,2,3,4,5,8,9",0,3,"3,4,6",1070.81,34.519,"5,6,0,3,4,1,2"
TechnicolorHijack,200,"1,2,3,4,5,8,9",0,3,"3,4,7",1072.463,34.5237,"5,6,0,3,4,1,2"
TechnicolorHijack,200,"1,2,3,4,5,8,9",0,3,"3,5,6",1119.834,34.5412,"5,6,0,3,4,1,2"
TechnicolorHijack,200,"1,2,3,4,5,8,9",0,3,"3,5,7",1115.271,34.5459,"5,6,0,3,4,1,2"
TechnicolorHijack,200,"1,2,3,4,5,8,9",0,3,"3,6,7",1300.066,34.5573,"5,6,0,3,4,1,2"
TechnicolorHijack,200,"1,2,3,4,5,8,9",0,3,"4,5,6",1123.843,34.6165,"5,6,0,3,4,1,2"
TechnicolorHijack,200,"1,2,3,4,5,8,9",0,3,"4,5,7",1125.813,34.6224,"5,6,0,3,4,1,2"
TechnicolorHijack,200,"1,2,3,4,5,8,9",0,3,"4,6,7",1313.085,34.6251,"5,6,0,3,4,1,2"
TechnicolorHijack,200,"1,2,3,4,5,8,9",0,3,"5,6,7",1355.836,34.6382,"5,6,0,3,4,1,2"
TechnicolorHijack,200,"1,2,3,4,5,8,9",6,1,1,282.243,31.4901,"6,4,0,3,1,2,5"
TechnicolorHijack,200,"1,2,3,4,5,8,9",6,1,2,322.461,32.2344,"6,4,0,3,1,2,5"
TechnicolorHijack,200,"1,2,3,4,5,8,9",6,1,3,326.5,32.2574,"6,4,0,3,1,2,5"
TechnicolorHijack,200,"1,2,3,4,5,8,9",6,1,4,349.007,32.335,"6,4,0,3,1,2,5"
TechnicolorHijack,200,"1,2,3,4,5,8,9",6,1,5,537.771,32.7895,"6,4,0,3,1,2,5"
TechnicolorHijack,200,"1,2,3,4,5,8,9",6,1,6,539.321,32.7836,"6,4,0,3,1,2,5"
TechnicolorHijack,200,"1,2,3,4,5,8,9",6,1,7,541.655,32.7823,"6,4,0,3,1,2,5"
TechnicolorHijack,200,"1,2,3,4,5,8,9",6,2,"1,2",594.955,31.8139,"6,4,0,3,1,2,5"
TechnicolorHijack,200,"1,2,3,4,5,8,9",6,2,"1,3",597.281,31.8343,"6,4,0,3,1,2,5"
TechnicolorHijack,200,"1,2,3,4,5,8,9",6,2,"1,4",610.125,31.848,"6,4,0,3,1,2,5"
TechnicolorHijack,200,"1,2,3,4,5,8,9",6,2,"1,5",810.677,32.2405,"6,4,0,3,1,2,5"
TechnicolorHijack,200,"1,2,3,4,5,8,9",6,2,"1,6",809.194,32.2395,"6,4,0,3,1,2,5"
TechnicolorHijack,200,"1,2,3,4,5,8,9",6,2,"1,7",814.614,32.2434,"6,4,0,3,1,2,5"
TechnicolorHijack,200,"1,2,3,4,5,8,9",6,2,"2,3",637.47,32.2555,"6,4,0,3,1,2,5"
TechnicolorHijack,200,"1,2,3,4,5,8,9",6,2,"2,4",652.958,32.2734,"6,4,0,3,1,2,5"
TechnicolorHijack,200,"1,2,3,4,5,8,9",6,2,"2,5",858.438,32.7193,"6,4,0,3,1,2,5"
TechnicolorHijack,200,"1,2,3,4,5,8,9",6,2,"2,6",851.746,32.7185,"6,4,0,3,1,2,5"
TechnicolorHijack,200,"1,2,3,4,5,8,9",6,2,"2,7",853.557,32.722,"6,4,0,3,1,2,5"
TechnicolorHijack,200,"1,2,3,4,5,8,9",6,2,"3,4",656.359,32.2726,"6,4,0,3,1,2,5"
TechnicolorHijack,200,"1,2,3,4,5,8,9",6,2,"3,5",853.81,32.7163,"6,4,0,3,1,2,5"
TechnicolorHijack,200,"1,2,3,4,5,8,9",6,2,"3,6",855.631,32.7156,"6,4,0,3,1,2,5"
TechnicolorHijack,200,"1,2,3,4,5,8,9",6,2,"3,7",859.342,32.7198,"6,4,0,3,1,2,5"
TechnicolorHijack,200,"1,2,3,4,5,8,9",6,2,"4,5",871.81,32.7487,"6,4,0,3,1,2,5"
TechnicolorHijack,200,"1,2,3,4,5,8,9",6,2,"4,6",873.663,32.748,"6,4,0,3,1,2,5"
TechnicolorHijack,200,"1,2,3,4,5,8,9",6,2,"4,7",872.634,32.7515,"6,4,0,3,1,2,5"
TechnicolorHijack,200,"1,2,3,4,5,8,9",6,2,"5,6",1066.161,32.7885,"6,4,0,3,1,2,5"
TechnicolorHijack,200,"1,2,3,4,5,8,9",6,2,"5,7",1067.524,32.7908,"6,4,0,3,1,2,5"
TechnicolorHijack,200,"1,2,3,4,5,8,9",6,2,"6,7",1070.173,32.7858,"6,4,0,3,1,2,5"
TechnicolorHijack,200,"1,2,3,4,5,8,9",6,3,"1,2,3",914.005,31.8331,"6,4,0,3,1,2,5"
TechnicolorHijack,200,"1,2,3,4,5,8,9",6,3,"1,2,4",925.459,31.8498,"6,4,0,3,1,2,5"
TechnicolorHijack,200,"1,2,3,4,5,8,9",6,3,"1,2,5",1123.53,32.2526,"6,4,0,3,1,2,5"
TechnicolorHijack,200,"1,2,3,4,5,8,9",6,3,"1,2,6",1125.997,32.2519,"6,4,0,3,1,2,5"
TechnicolorHijack,200,"1,2,3,4,5,8,9",6,3,"1,2,7",1128.351,32.255,"6,4,0,3,1,2,5"
TechnicolorHijack,200,"1,2,3,4,5,8,9",6,3,"1,3,4",930.82,31.8487,"6,4,0,3,1,2,5"
TechnicolorHijack,200,"1,2,3,4,5,8,9",6,3,"1,3,5",1127.177,32.249,"6,4,0,3,1,2,5"
TechnicolorHijack,200,"1,2,3,4,5,8,9",6,3,"1,3,6",1127.933,32.2484,"6,4,0,3,1,2,5"
TechnicolorHijack,200,"1,2,3,4,5,8,9",6,3,"1,3,7",1132.504,32.2521,"6,4,0,3,1,2,5"
TechnicolorHijack,200,"1,2,3,4,5,8,9",6,3,"1,4,5",1141.028,32.2147,"6,4,0,3,1,2,5"
TechnicolorHijack,200,"1,2,3,4,5,8,9",6,3,"1,4,6",1141.149,32.2142,"6,4,0,3,1,2,5"
TechnicolorHijack,200,"1,2,3,4,5,8,9",6,3,"1,4,7",1145.108,32.217,"6,4,0,3,1,2,5"
TechnicolorHijack,200,"1,2,3,4,5,8,9",6,3,"1,5,6",1340.397,32.2402,"6,4,0,3,1,2,5"
TechnicolorHijack,200,"1,2,3,4,5,8,9",6,3,"1,5,7",1342.12,32.2421,"6,4,0,3,1,2,5"
TechnicolorHijack,200,"1,2,3,4,5,8,9",6,3,"1,6,7",1344.838,32.2413,"6,4,0,3,1,2,5"
TechnicolorHijack,200,"1,2,3,4,5,8,9",6,3,"2,3,4",967.508,32.2707,"6,4,0,3,1,2,5"
TechnicolorHijack,200,"1,2,3,4,5,8,9",6,3,"2,3,5",1170.688,32.7137,"6,4,0,3,1,2,5"
TechnicolorHijack,200,"1,2,3,4,5,8,9",6,3,"2,3,6",1167.634,32.713,"6,4,0,3,1,2,5"
TechnicolorHijack,200,"1,2,3,4,5,8,9",6,3,"2,3,7",1170.976,32.716,"6,4,0,3,1,2,5"
TechnicolorHijack,200,"1,2,3,4,5,8,9",6,3,"2,4,5",1180.409,32.6799,"6,4,0,3,1,2,5"
TechnicolorHijack,200,"1,2,3,4,5,8,9",6,3,"2,4,6",1182.283,32.6793,"6,4,0,3,1,2,5"
TechnicolorHijack,200,"1,2,3,4,5,8,9",6,3,"2,4,7",1183.648,32.6812,"6,4,0,3,1,2,5"
TechnicolorHijack,200,"1,2,3,4,5,8,9",6,3,"2,5,6",1379.072,32.719,"6,4,0,3,1,2,5"
TechnicolorHijack,200,"1,2,3,4,5,8,9",6,3,"2,5,7",1379.732,32.7201,"6,4,0,3,1,2,5"
TechnicolorHijack,200,"1,2,3,4,5,8,9",6,3,"2,6,7",1381.015,32.7196,"6,4,0,3,1,2,5"
TechnicolorHijack,200,"1,2,3,4,5,8,9",6,3,"3,4,5",1188.747,32.6792,"6,4,0,3,1,2,5"
TechnicolorHijack,200,"1,2,3,4,5,8,9",6,3,"3,4,6",1186.781,32.6786,"6,4,0,3,1,2,5"
TechnicolorHijack,200,"1,2,3,4,5,8,9",6,3,"3,4,7",1190.26,32.6817,"6,4,0,3,1,2,5"
TechnicolorHijack,200,"1,2,3,4,5,8,9",6,3,"3,5,6",1384.346,32.716,"6,4,0,3,1,2,5"
TechnicolorHijack,200,"1,2,3,4,5,8,9",6,3,"3,5,7",1385.913,32.7184,"6,4,0,3,1,2,5"
TechnicolorHijack,200,"1,2,3,4,5,8,9",6,3,"3,6,7",1387.352,32.7179,"6,4,0,3,1,2,5"
TechnicolorHijack,200,"1,2,3,4,5,8,9",6,3,"4,5,6",1400.567,32.7484,"6,4,0,3,1,2,5"
TechnicolorHijack,200,"1,2,3,4,5,8,9",6,3,"4,5,7",1403.44,32.751,"6,4,0,3,1,2,5"
TechnicolorHijack,200,"1,2,3,4,5,8,9",6,3,"4,6,7",1404.256,32.7505,"6,4,0,3,1,2,5"
TechnicolorHijack,200,"1,2,3,4,5,8,9",6,3,"5,6,7",1602.621,32.7907,"6,4,0,3,1,2,5"
TechnicolorHijack,200,"1,2,3,4,5,8,9",7,1,1,288.965,27.5534,"6,5,1,2,0,3,4"
TechnicolorHijack,200,"1,2,3,4,5,8,9",7,1,2,290.191,27.7297,"6,5,1,2,0,3,4"
TechnicolorHijack,200,"1,2,3,4,5,8,9",7,1,3,491.552,32.3912,"6,5,1,2,0,3,4"
TechnicolorHijack,200,"1,2,3,4,5,8,9",7,1,4,493.414,32.38,"6,5,1,2,0,3,4"
TechnicolorHijack,200,"1,2,3,4,5,8,9",7,1,5,497.902,32.4192,"6,5,1,2,0,3,4"
TechnicolorHijack,200,"1,2,3,4,5,8,9",7,1,6,511.788,32.5358,"6,5,1,2,0,3,4"
TechnicolorHijack,200,"1,2,3,4,5,8,9",7,1,7,558.957,32.8884,"6,5,1,2,0,3,4"
TechnicolorHijack,200,"1,2,3,4,5,8,9",7,2,"1,2",567.474,27.6767,"6,5,1,2,0,3,4"
TechnicolorHijack,200,"1,2,3,4,5,8,9",7,2,"1,3",769.412,31.9476,"6,5,1,2,0,3,4"
TechnicolorHijack,200,"1,2,3,4,5,8,9",7,2,"1,4",769.241,31.9407,"6,5,1,2,0,3,4"
TechnicolorHijack,200,"1,2,3,4,5,8,9",7,2,"1,5",773.877,31.9832,"6,5,1,2,0,3,4"
TechnicolorHijack,200,"1,2,3,4,5,8,9",7,2,"1,6",788.409,32.0868,"6,5,1,2,0,3,4"
TechnicolorHijack,200,"1,2,3,4,5,8,9",7,2,"1,7",834.253,32.4017,"6,5,1,2,0,3,4"
TechnicolorHijack,200,"1,2,3,4,5,8,9",7,2,"2,3",770.793,32.0893,"6,5,1,2,0,3,4"
TechnicolorHijack,200,"1,2,3,4,5,8,9",7,2,"2,4",771.535,32.0891,"6,5,1,2,0,3,4"
TechnicolorHijack,200,"1,2,3,4,5,8,9",7,2,"2,5",775.199,32.1328,"6,5,1,2,0,3,4"
TechnicolorHijack,200,"1,2,3,4,5,8,9",7,2,"2,6",788.555,32.2444,"6,5,1,2,0,3,4"
TechnicolorHijack,200,"1,2,3,4,5,8,9",7,2,"2,7",837.281,32.5706,"6,5,1,2,0,3,4"
TechnicolorHijack,200,"1,2,3,4,5,8,9",7,2,"3,4",975.778,32.3904,"6,5,1,2,0,3,4"
TechnicolorHijack,200,"1,2,3,4,5,8,9",7,2,"3,5",980.986,32.4354,"6,5,1,2,0,3,4"
TechnicolorHijack,200,"1,2,3,4,5,8,9",7,2,"3,6",991.796,32.5512,"6,5,1,2,0,3,4"
TechnicolorHijack,200,"1,2,3,4,5,8,9",7,2,"3,7",1041.941,32.6049,"6,5,1,2,0,3,4"
TechnicolorHijack,200,"1,2,3,4,5,8,9",7,2,"4,5",981.386,32.4249,"6,5,1,2,0,3,4"
TechnicolorHijack,200,"1,2,3,4,5,8,9",7,2,"4,6",993.267,32.5393,"6,5,1,2,0,3,4"
TechnicolorHijack,200,"1,2,3,4,5,8,9",7,2,"4,7",1042.17,32.5931,"6,5,1,2,0,3,4"
TechnicolorHijack,200,"1,2,3,4,5,8,9",7,2,"5,6",996.646,32.5328,"6,5,1,2,0,3,4"
TechnicolorHijack,200,"1,2,3,4,5,8,9",7,2,"5,7",1045.842,32.5865,"6,5,1,2,0,3,4"
TechnicolorHijack,200,"1,2,3,4,5,8,9",7,2,"6,7",1058.234,32.5898,"6,5,1,2,0,3,4"
TechnicolorHijack,200,"1,2,3,4,5,8,9",7,3,"1,2,3",1046.749,31.9465,"6,5,1,2,0,3,4"
TechnicolorHijack,200,"1,2,3,4,5,8,9",7,3,"1,2,4",1046.742,31.9464,"6,5,1,2,0,3,4"
TechnicolorHijack,200,"1,2,3,4,5,8,9",7,3,"1,2,5",1054.836,31.9887,"6,5,1,2,0,3,4"
TechnicolorHijack,200,"1,2,3,4,5,8,9",7,3,"1,2,6",1070.76,32.0968,"6,5,1,2,0,3,4"
TechnicolorHijack,200,"1,2,3,4,5,8,9",7,3,"1,2,7",1112.553,32.4117,"6,5,1,2,0,3,4"
TechnicolorHijack,200,"1,2,3,4,5,8,9",7,3,"1,3,4",1249.826,31.9472,"6,5,1,2,0,3,4"
TechnicolorHijack,200,"1,2,3,4,5,8,9",7,3,"1,3,5",1258.091,31.9877,"6,5,1,2,0,3,4"
TechnicolorHijack,200,"1,2,3,4,5,8,9",7,3,"1,3,6",1269.592,32.0915,"6,5,1,2,0,3,4"
TechnicolorHijack,200,"1,2,3,4,5,8,9",7,3,"1,3,7",1317.166,32.1403,"6,5,1,2,0,3,4"
TechnicolorHijack,200,"1,2,3,4,5,8,9",7,3,"1,4,5",1257.224,31.9811,"6,5,1,2,0,3,4"
TechnicolorHijack,200,"1,2,3,4,5,8,9",7,3,"1,4,6",1269.923,32.0844,"6,5,1,2,0,3,4"
TechnicolorHijack,200,"1,2,3,4,5,8,9",7,3,"1,4,7",1317.316,32.1332,"6,5,1,2,0,3,4"
TechnicolorHijack,200,"1,2,3,4,5,8,9",7,3,"1,5,6",1277.589,32.0859,"6,5,1,2,0,3,4"
TechnicolorHijack,200,"1,2,3,4,5,8,9",7,3,"1,5,7",1324.117,32.1347,"6,5,1,2,0,3,4"
TechnicolorHijack,200,"1,2,3,4,5,8,9",7,3,"1,6,7",1333.655,32.1358,"6,5,1,2,0,3,4"
TechnicolorHijack,200,"1,2,3,4,5,8,9",7,3,"2,3,4",1255.513,32.089,"6,5,1,2,0,3,4"
TechnicolorHijack,200,"1,2,3,4,5,8,9",7,3,"2,3,5",1256.725,32.1306,"6,5,1,2,0,3,4"
TechnicolorHijack,200,"1,2,3,4,5,8,9",7,3,"2,3,6",1271.275,32.2378,"6,5,1,2,0,3,4"
TechnicolorHijack,200,"1,2,3,4,5,8,9",7,3,"2,3,7",1317.821,32.2882,"6,5,1,2,0,3,4"
TechnicolorHijack,200,"1,2,3,4,5,8,9",7,3,"2,4,5",1259.49,32.1306,"6,5,1,2,0,3,4"
TechnicolorHijack,200,"1,2,3,4,5,8,9",7,3,"2,4,6",1271.382,32.2375,"6,5,1,2,0,3,4"
TechnicolorHijack,200,"1,2,3,4,5,8,9",7,3,"2,4,7",1320.443,32.2879,"6,5,1,2,0,3,4"
TechnicolorHijack,200,"1,2,3,4,5,8,9",7,3,"2,5,6",1277.794,32.239,"6,5,1,2,0,3,4"
TechnicolorHijack,200,"1,2,3,4,5,8,9",7,3,"2,5,7",1325.928,32.2893,"6,5,1,2,0,3,4"
TechnicolorHijack,200,"1,2,3,4,5,8,9",7,3,"2,6,7",1337.235,32.295,"6,5,1,2,0,3,4"
TechnicolorHijack,200,"1,2,3,4,5,8,9",7,3,"3,4,5",1463.351,32.4354,"6,5,1,2,0,3,4"
TechnicolorHijack,200,"1,2,3,4,5,8,9",7,3,"3,4,6",1474.801,32.5511,"6,5,1,2,0,3,4"
TechnicolorHijack,200,"1,2,3,4,5,8,9",7,3,"3,4,7",1522.151,32.6048,"6,5,1,2,0,3,4"
TechnicolorHijack,200,"1,2,3,4,5,8,9",7,3,"3,5,6",1481.255,32.5505,"6,5,1,2,0,3,4"
TechnicolorHijack,200,"1,2,3,4,5,8,9",7,3,"3,5,7",1530.351,32.6043,"6,5,1,2,0,3,4"
TechnicolorHijack,200,"1,2,3,4,5,8,9",7,3,"3,6,7",1541.647,32.6052,"6,5,1,2,0,3,4"
TechnicolorHijack,200,"1,2,3,4,5,8,9",7,3,"4,5,6",1481.738,32.5388,"6,5,1,2,0,3,4"
TechnicolorHijack,200,"1,2,3,4,5,8,9",7,3,"4,5,7",1536.131,32.5926,"6,5,1,2,0,3,4"
TechnicolorHijack,200,"1,2,3,4,5,8,9",7,3,"4,6,7",1542.313,32.5934,"6,5,1,2,0,3,4"
TechnicolorHijack,200,"1,2,3,4,5,8,9",7,3,"5,6,7",1548.384,32.5867,"6,5,1,2,0,3,4"
TechnicolorHijack,250,"1,2,3,4,5,8,9",0,1,1,54.707,13.7081,"5,6,0,3,4,1,2"
TechnicolorHijack,250,"1,2,3,4,5,8,9",0,1,2,276.125,33.3157,"5,6,0,3,4,1,2"
TechnicolorHijack,250,"1,2,3,4,5,8,9",0,1,3,278.988,33.4009,"5,6,0,3,4,1,2"
TechnicolorHijack,250,"1,2,3,4,5,8,9",0,1,4,291.893,34.1843,"5,6,0,3,4,1,2"
TechnicolorHijack,250,"1,2,3,4,5,8,9",0,1,5,334.701,34.26,"5,6,0,3,4,1,2"
TechnicolorHijack,250,"1,2,3,4,5,8,9",0,1,6,519.157,34.6576,"5,6,0,3,4,1,2"
TechnicolorHijack,250,"1,2,3,4,5,8,9",0,1,7,519.54,34.6699,"5,6,0,3,4,1,2"
TechnicolorHijack,250,"1,2,3,4,5,8,9",0,2,"1,2",315.978,31.4438,"5,6,0,3,4,1,2"
TechnicolorHijack,250,"1,2,3,4,5,8,9",0,2,"1,3",318.022,31.4947,"5,6,0,3,4,1,2"
TechnicolorHijack,250,"1,2,3,4,5,8,9",0,2,"1,4",330.651,31.9739,"5,6,0,3,4,1,2"
TechnicolorHijack,250,"1,2,3,4,5,8,9",0,2,"1,5",373.127,32.017,"5,6,0,3,4,1,2"
TechnicolorHijack,250,"1,2,3,4,5,8,9",0,2,"1,6",558.184,32.2488,"5,6,0,3,4,1,2"
TechnicolorHijack,250,"1,2,3,4,5,8,9",0,2,"1,7",558.878,32.2549,"5,6,0,3,4,1,2"
TechnicolorHijack,250,"1,2,3,4,5,8,9",0,2,"2,3",550.094,33.3926,"5,6,0,3,4,1,2"
TechnicolorHijack,250,"1,2,3,4,5,8,9",0,2,"2,4",575.058,33.9774,"5,6,0,3,4,1,2"
TechnicolorHijack,250,"1,2,3,4,5,8,9",0,2,"2,5",599.363,34.0842,"5,6,0,3,4,1,2"
TechnicolorHijack,250,"1,2,3,4,5,8,9",0,2,"2,6",785.087,34.2313,"5,6,0,3,4,1,2"
TechnicolorHijack,250,"1,2,3,4,5,8,9",0,2,"2,7",787.285,34.2429,"5,6,0,3,4,1,2"
TechnicolorHijack,250,"1,2,3,4,5,8,9",0,2,"3,4",563.246,33.9877,"5,6,0,3,4,1,2"
TechnicolorHijack,250,"1,2,3,4,5,8,9",0,2,"3,5",601.559,34.0952,"5,6,0,3,4,1,2"
TechnicolorHijack,250,"1,2,3,4,5,8,9",0,2,"3,6",789.313,34.2299,"5,6,0,3,4,1,2"
TechnicolorHijack,250,"1,2,3,4,5,8,9",0,2,"3,7",787.752,34.244,"5,6,0,3,4,1,2"
TechnicolorHijack,250,"1,2,3,4,5,8,9",0,2,"4,5",613.053,34.2698,"5,6,0,3,4,1,2"
TechnicolorHijack,250,"1,2,3,4,5,8,9",0,2,"4,6",802.33,34.4104,"5,6,0,3,4,1,2"
TechnicolorHijack,250,"1,2,3,4,5,8,9",0,2,"4,7",800.422,34.4138,"5,6,0,3,4,1,2"
TechnicolorHijack,250,"1,2,3,4,5,8,9",0,2,"5,6",843.982,34.3878,"5,6,0,3,4,1,2"
TechnicolorHijack,250,"1,2,3,4,5,8,9",0,2,"5,7",848.715,34.3911,"5,6,0,3,4,1,2"
TechnicolorHijack,250,"1,2,3,4,5,8,9",0,2,"6,7",1028.098,34.6641,"5,6,0,3,4,1,2"
TechnicolorHijack,250,"1,2,3,4,5,8,9",0,3,"1,2,3",585.289,31.4926,"5,6,0,3,4,1,2"
TechnicolorHijack,250,"1,2,3,4,5,8,9",0,3,"1,2,4",596.564,31.8778,"5,6,0,3,4,1,2"
TechnicolorHijack,250,"1,2,3,4,5,8,9",0,3,"1,2,5",639.216,31.9444,"5,6,0,3,4,1,2"
TechnicolorHijack,250,"1,2,3,4,5,8,9",0,3,"1,2,6",826.113,32.0351,"5,6,0,3,4,1,2"
TechnicolorHijack,250,"1,2,3,4,5,8,9",0,3,"1,2,7",825.986,32.042,"5,6,0,3,4,1,2"
TechnicolorHijack,250,"1,2,3,4,5,8,9",0,3,"1,3,4",599.523,31.8805,"5,6,0,3,4,1,2"
TechnicolorHijack,250,"1,2,3,4,5,8,9",0,3,"1,3,5",645.246,31.9475,"5,6,0,3,4,1,2"
TechnicolorHijack,250,"1,2,3,4,5,8,9",0,3,"1,3,6",828.17,32.031,"5,6,0,3,4,1,2"
TechnicolorHijack,250,"1,2,3,4,5,8,9",0,3,"1,3,7",829.043,32.0394,"5,6,0,3,4,1,2"
TechnicolorHijack,250,"1,2,3,4,5,8,9",0,3,"1,4,5",656.385,32.026,"5,6,0,3,4,1,2"
TechnicolorHijack,250,"1,2,3,4,5,8,9",0,3,"1,4,6",839.538,32.1108,"5,6,0,3,4,1,2"
TechnicolorHijack,250,"1,2,3,4,5,8,9",0,3,"1,4,7",841.48,32.1128,"5,6,0,3,4,1,2"
TechnicolorHijack,250,"1,2,3,4,5,8,9",0,3,"1,5,6",887.335,32.0939,"5,6,0,3,4,1,2"
TechnicolorHijack,250,"1,2,3,4,5,8,9",0,3,"1,5,7",886.176,32.0959,"5,6,0,3,4,1,2"
TechnicolorHijack,250,"1,2,3,4,5,8,9",0,3,"1,6,7",1068.092,32.2527,"5,6,0,3,4,1,2"
TechnicolorHijack,250,"1,2,3,4,5,8,9",0,3,"2,3,4",836.916,33.9772,"5,6,0,3,4,1,2"
TechnicolorHijack,250,"1,2,3,4,5,8,9",0,3,"2,3,5",877.175,34.0847,"5,6,0,3,4,1,2"
TechnicolorHijack,250,"1,2,3,4,5,8,9",0,3,"2,3,6",1061.177,34.2198,"5,6,0,3,4,1,2"
TechnicolorHijack,250,"1,2,3,4,5,8,9",0,3,"2,3,7",1063.603,34.2338,"5,6,0,3,4,1,2"
TechnicolorHijack,250,"1,2,3,4,5,8,9",0,3,"2,4,5",880.629,34.063,"5,6,0,3,4,1,2"
TechnicolorHijack,250,"1,2,3,4,5,8,9",0,3,"2,4,6",1067.497,34.1987,"5,6,0,3,4,1,2"
TechnicolorHijack,250,"1,2,3,4,5,8,9",0,3,"2,4,7",1068.212,34.202,"5,6,0,3,4,1,2"
TechnicolorHijack,250,"1,2,3,4,5,8,9",0,3,"2,5,6",1111.567,34.2103,"5,6,0,3,4,1,2"
TechnicolorHijack,250,"1,2,3,4,5,8,9",0,3,"2,5,7",1111.37,34.2136,"5,6,0,3,4,1,2"
TechnicolorHijack,250,"1,2,3,4,5,8,9",0,3,"2,6,7",1296.537,34.2375,"5,6,0,3,4,1,2"
TechnicolorHijack,250,"1,2,3,4,5,8,9",0,3,"3,4,5",886.343,34.0734,"5,6,0,3,4,1,2"
TechnicolorHijack,250,"1,2,3,4,5,8,9",0,3,"3,4,6",1070.782,34.2091,"5,6,0,3,4,1,2"
TechnicolorHijack,250,"1,2,3,4,5,8,9",0,3,"3,4,7",1074.371,34.2124,"5,6,0,3,4,1,2"
TechnicolorHijack,250,"1,2,3,4,5,8,9",0,3,"3,5,6",1110.718,34.2215,"5,6,0,3,4,1,2"
TechnicolorHijack,250,"1,2,3,4,5,8,9",0,3,"3,5,7",1113.101,34.2248,"5,6,0,3,4,1,2"
TechnicolorHijack,250,"1,2,3,4,5,8,9",0,3,"3,6,7",1300.15,34.2361,"5,6,0,3,4,1,2"
TechnicolorHijack,250,"1,2,3,4,5,8,9",0,3,"4,5,6",1121.501,34.3999,"5,6,0,3,4,1,2"
TechnicolorHijack,250,"1,2,3,4,5,8,9",0,3,"4,5,7",1124.745,34.4033,"5,6,0,3,4,1,2"
TechnicolorHijack,250,"1,2,3,4,5,8,9",0,3,"4,6,7",1311.567,34.4155,"5,6,0,3,4,1,2"
TechnicolorHijack,250,"1,2,3,4,5,8,9",0,3,"5,6,7",1354.041,34.3928,"5,6,0,3,4,1,2"
TechnicolorHijack,250,"1,2,3,4,5,8,9",6,1,1,282.832,31.8394,"6,4,0,3,1,2,5"
TechnicolorHijack,250,"1,2,3,4,5,8,9",6,1,2,320.725,32.7529,"6,4,0,3,1,2,5"
TechnicolorHijack,250,"1,2,3,4,5,8,9",6,1,3,325.111,32.7809,"6,4,0,3,1,2,5"
TechnicolorHijack,250,"1,2,3,4,5,8,9",6,1,4,345.474,32.9118,"6,4,0,3,1,2,5"
TechnicolorHijack,250,"1,2,3,4,5,8,9",6,1,5,537.635,32.9148,"6,4,0,3,1,2,5"
TechnicolorHijack,250,"1,2,3,4,5,8,9",6,1,6,538.188,32.9115,"6,4,0,3,1,2,5"
TechnicolorHijack,250,"1,2,3,4,5,8,9",6,1,7,541.425,32.93,"6,4,0,3,1,2,5"
TechnicolorHijack,250,"1,2,3,4,5,8,9",6,2,"1,2",597.11,32.2035,"6,4,0,3,1,2,5"
TechnicolorHijack,250,"1,2,3,4,5,8,9",6,2,"1,3",599.7,32.222,"6,4,0,3,1,2,5"
TechnicolorHijack,250,"1,2,3,4,5,8,9",6,2,"1,4",613.937,32.274,"6,4,0,3,1,2,5"
TechnicolorHijack,250,"1,2,3,4,5,8,9",6,2,"1,5",809.511,32.2835,"6,4,0,3,1,2,5"
TechnicolorHijack,250,"1,2,3,4,5,8,9",6,2,"1,6",807.268,32.2839,"6,4,0,3,1,2,5"
TechnicolorHijack,250,"1,2,3,4,5,8,9",6,2,"1,7",813.621,32.2823,"6,4,0,3,1,2,5"
TechnicolorHijack,250,"1,2,3,4,5,8,9",6,2,"2,3",638.305,32.772,"6,4,0,3,1,2,5"
TechnicolorHijack,250,"1,2,3,4,5,8,9",6,2,"2,4",651.496,32.835,"6,4,0,3,1,2,5"
TechnicolorHijack,250,"1,2,3,4,5,8,9",6,2,"2,5",846.272,32.8544,"6,4,0,3,1,2,5"
TechnicolorHijack,250,"1,2,3,4,5,8,9",6,2,"2,6",850.495,32.8541,"6,4,0,3,1,2,5"
TechnicolorHijack,250,"1,2,3,4,5,8,9",6,2,"2,7",851.777,32.8516,"6,4,0,3,1,2,5"
TechnicolorHijack,250,"1,2,3,4,5,8,9",6,2,"3,4",655.282,32.8446,"6,4,0,3,1,2,5"
TechnicolorHijack,250,"1,2,3,4,5,8,9",6,2,"3,5",851.857,32.8632,"6,4,0,3,1,2,5"
TechnicolorHijack,250,"1,2,3,4,5,8,9",6,2,"3,6",852.548,32.8629,"6,4,0,3,1,2,5"
TechnicolorHijack,250,"1,2,3,4,5,8,9",6,2,"3,7",859.001,32.8584,"6,4,0,3,1,2,5"
TechnicolorHijack,250,"1,2,3,4,5,8,9",6,2,"4,5",876.064,32.9329,"6,4,0,3,1,2,5"
TechnicolorHijack,250,"1,2,3,4,5,8,9",6,2,"4,6",869.727,32.932,"6,4,0,3,1,2,5"
TechnicolorHijack,250,"1,2,3,4,5,8,9",6,2,"4,7",874.533,32.9274,"6,4,0,3,1,2,5"
TechnicolorHijack,250,"1,2,3,4,5,8,9",6,2,"5,6",1063.158,32.9144,"6,4,0,3,1,2,5"
TechnicolorHijack,250,"1,2,3,4,5,8,9",6,2,"5,7",1066.92,32.9108,"6,4,0,3,1,2,5"
TechnicolorHijack,250,"1,2,3,4,5,8,9",6,2,"6,7",1069.075,32.9074,"6,4,0,3,1,2,5"
TechnicolorHijack,250,"1,2,3,4,5,8,9",6,3,"1,2,3",909.505,32.22,"6,4,0,3,1,2,5"
TechnicolorHijack,250,"1,2,3,4,5,8,9",6,3,"1,2,4",928.897,32.2762,"6,4,0,3,1,2,5"
TechnicolorHijack,250,"1,2,3,4,5,8,9",6,3,"1,2,5",1126,32.2934,"6,4,0,3,1,2,5"
TechnicolorHijack,250,"1,2,3,4,5,8,9",6,3,"1,2,6",1123.155,32.2936,"6,4,0,3,1,2,5"
TechnicolorHijack,250,"1,2,3,4,5,8,9",6,3,"1,2,7",1127.286,32.2912,"6,4,0,3,1,2,5"
TechnicolorHijack,250,"1,2,3,4,5,8,9",6,3,"1,3,4",930.353,32.2783,"6,4,0,3,1,2,5"
TechnicolorHijack,250,"1,2,3,4,5,8,9",6,3,"1,3,5",1127.631,32.2941,"6,4,0,3,1,2,5"
TechnicolorHijack,250,"1,2,3,4,5,8,9",6,3,"1,3,6",1124.555,32.2943,"6,4,0,3,1,2,5"
TechnicolorHijack,250,"1,2,3,4,5,8,9",6,3,"1,3,7",1131.268,32.2902,"6,4,0,3,1,2,5"
TechnicolorHijack,250,"1,2,3,4,5,8,9",6,3,"1,4,5",1141.549,32.291,"6,4,0,3,1,2,5"
TechnicolorHijack,250,"1,2,3,4,5,8,9",6,3,"1,4,6",1142.216,32.2909,"6,4,0,3,1,2,5"
TechnicolorHijack,250,"1,2,3,4,5,8,9",6,3,"1,4,7",1151.663,32.2856,"6,4,0,3,1,2,5"
TechnicolorHijack,250,"1,2,3,4,5,8,9",6,3,"1,5,6",1336.788,32.2836,"6,4,0,3,1,2,5"
TechnicolorHijack,250,"1,2,3,4,5,8,9",6,3,"1,5,7",1340.197,32.2792,"6,4,0,3,1,2,5"
TechnicolorHijack,250,"1,2,3,4,5,8,9",6,3,"1,6,7",1340.428,32.2792,"6,4,0,3,1,2,5"
TechnicolorHijack,250,"1,2,3,4,5,8,9",6,3,"2,3,4",968.418,32.835,"6,4,0,3,1,2,5"
TechnicolorHijack,250,"1,2,3,4,5,8,9",6,3,"2,3,5",1166.51,32.8529,"6,4,0,3,1,2,5"
TechnicolorHijack,250,"1,2,3,4,5,8,9",6,3,"2,3,6",1168.241,32.8527,"6,4,0,3,1,2,5"
TechnicolorHijack,250,"1,2,3,4,5,8,9",6,3,"2,3,7",1173.419,32.8482,"6,4,0,3,1,2,5"
TechnicolorHijack,250,"1,2,3,4,5,8,9",6,3,"2,4,5",1181.138,32.8551,"6,4,0,3,1,2,5"
TechnicolorHijack,250,"1,2,3,4,5,8,9",6,3,"2,4,6",1181.696,32.8548,"6,4,0,3,1,2,5"
TechnicolorHijack,250,"1,2,3,4,5,8,9",6,3,"2,4,7",1183.48,32.8488,"6,4,0,3,1,2,5"
TechnicolorHijack,250,"1,2,3,4,5,8,9",6,3,"2,5,6",1376.008,32.8543,"6,4,0,3,1,2,5"
TechnicolorHijack,250,"1,2,3,4,5,8,9",6,3,"2,5,7",1380.254,32.8494,"6,4,0,3,1,2,5"
TechnicolorHijack,250,"1,2,3,4,5,8,9",6,3,"2,6,7",1378.219,32.8489,"6,4,0,3,1,2,5"
TechnicolorHijack,250,"1,2,3,4,5,8,9",6,3,"3,4,5",1182.902,32.8648,"6,4,0,3,1,2,5"
TechnicolorHijack,250,"1,2,3,4,5,8,9",6,3,"3,4,6",1186.777,32.8644,"6,4,0,3,1,2,5"
TechnicolorHijack,250,"1,2,3,4,5,8,9",6,3,"3,4,7",1188.056,32.8585,"6,4,0,3,1,2,5"
TechnicolorHijack,250,"1,2,3,4,5,8,9",6,3,"3,5,6",1378.883,32.863,"6,4,0,3,1,2,5"
TechnicolorHijack,250,"1,2,3,4,5,8,9",6,3,"3,5,7",1382.516,32.8581,"6,4,0,3,1,2,5"
TechnicolorHijack,250,"1,2,3,4,5,8,9",6,3,"3,6,7",1382.285,32.8576,"6,4,0,3,1,2,5"
TechnicolorHijack,250,"1,2,3,4,5,8,9",6,3,"4,5,6",1400.765,32.9323,"6,4,0,3,1,2,5"
TechnicolorHijack,250,"1,2,3,4,5,8,9",6,3,"4,5,7",1400.745,32.9288,"6,4,0,3,1,2,5"
TechnicolorHijack,250,"1,2,3,4,5,8,9",6,3,"4,6,7",1405.731,32.9281,"6,4,0,3,1,2,5"
TechnicolorHijack,250,"1,2,3,4,5,8,9",6,3,"5,6,7",1596.991,32.9104,"6,4,0,3,1,2,5"
TechnicolorHijack,250,"1,2,3,4,5,8,9",7,1,1,289.03,27.6494,"6,5,1,2,0,3,4"
TechnicolorHijack,250,"1,2,3,4,5,8,9",7,1,2,290.451,27.8175,"6,5,1,2,0,3,4"
TechnicolorHijack,250,"1,2,3,4,5,8,9",7,1,3,490.933,32.3348,"6,5,1,2,0,3,4"
TechnicolorHijack,250,"1,2,3,4,5,8,9",7,1,4,491.93,32.3511,"6,5,1,2,0,3,4"
TechnicolorHijack,250,"1,2,3,4,5,8,9",7,1,5,495.178,32.3308,"6,5,1,2,0,3,4"
TechnicolorHijack,250,"1,2,3,4,5,8,9",7,1,6,510.229,32.524,"6,5,1,2,0,3,4"
TechnicolorHijack,250,"1,2,3,4,5,8,9",7,1,7,557.849,32.8755,"6,5,1,2,0,3,4"
TechnicolorHijack,250,"1,2,3,4,5,8,9",7,2,"1,2",568.849,27.7703,"6,5,1,2,0,3,4"
TechnicolorHijack,250,"1,2,3,4,5,8,9",7,2,"1,3",769.021,31.905,"6,5,1,2,0,3,4"
TechnicolorHijack,250,"1,2,3,4,5,8,9",7,2,"1,4",768.512,31.9243,"6,5,1,2,0,3,4"
TechnicolorHijack,250,"1,2,3,4,5,8,9",7,2,"1,5",771.407,31.9229,"6,5,1,2,0,3,4"
TechnicolorHijack,250,"1,2,3,4,5,8,9",7,2,"1,6",786.864,32.0935,"6,5,1,2,0,3,4"
TechnicolorHijack,250,"1,2,3,4,5,8,9",7,2,"1,7",835.422,32.3996,"6,5,1,2,0,3,4"
TechnicolorHijack,250,"1,2,3,4,5,8,9",7,2,"2,3",767.697,32.0275,"6,5,1,2,0,3,4"
TechnicolorHijack,250,"1,2,3,4,5,8,9",7,2,"2,4",769.867,32.048,"6,5,1,2,0,3,4"
TechnicolorHijack,250,"1,2,3,4,5,8,9",7,2,"2,5",774.098,32.0474,"6,5,1,2,0,3,4"
TechnicolorHijack,250,"1,2,3,4,5,8,9",7,2,"2,6",788.98,32.2139,"6,5,1,2,0,3,4"
TechnicolorHijack,250,"1,2,3,4,5,8,9",7,2,"2,7",840.309,32.5296,"6,5,1,2,0,3,4"
TechnicolorHijack,250,"1,2,3,4,5,8,9",7,2,"3,4",971.938,32.3564,"6,5,1,2,0,3,4"
TechnicolorHijack,250,"1,2,3,4,5,8,9",7,2,"3,5",975.409,32.3577,"6,5,1,2,0,3,4"
TechnicolorHijack,250,"1,2,3,4,5,8,9",7,2,"3,6",990.328,32.5345,"6,5,1,2,0,3,4"
TechnicolorHijack,250,"1,2,3,4,5,8,9",7,2,"3,7",1038.823,32.5821,"6,5,1,2,0,3,4"
TechnicolorHijack,250,"1,2,3,4,5,8,9",7,2,"4,5",976.87,32.3523,"6,5,1,2,0,3,4"
TechnicolorHijack,250,"1,2,3,4,5,8,9",7,2,"4,6",991.816,32.5292,"6,5,1,2,0,3,4"
TechnicolorHijack,250,"1,2,3,4,5,8,9",7,2,"4,7",1038.961,32.5762,"6,5,1,2,0,3,4"
TechnicolorHijack,250,"1,2,3,4,5,8,9",7,2,"5,6",996.971,32.5055,"6,5,1,2,0,3,4"
TechnicolorHijack,250,"1,2,3,4,5,8,9",7,2,"5,7",1042.364,32.5523,"6,5,1,2,0,3,4"
TechnicolorHijack,250,"1,2,3,4,5,8,9",7,2,"6,7",1059.028,32.5694,"6,5,1,2,0,3,4"
TechnicolorHijack,250,"1,2,3,4,5,8,9",7,3,"1,2,3",1047.817,31.9036,"6,5,1,2,0,3,4"
TechnicolorHijack,250,"1,2,3,4,5,8,9",7,3,"1,2,4",1047.144,31.9237,"6,5,1,2,0,3,4"
TechnicolorHijack,250,"1,2,3,4,5,8,9",7,3,"1,2,5",1050.179,31.9229,"6,5,1,2,0,3,4"
TechnicolorHijack,250,"1,2,3,4,5,8,9",7,3,"1,2,6",1066.03,32.0879,"6,5,1,2,0,3,4"
TechnicolorHijack,250,"1,2,3,4,5,8,9",7,3,"1,2,7",1122.195,32.3944,"6,5,1,2,0,3,4"
TechnicolorHijack,250,"1,2,3,4,5,8,9",7,3,"1,3,4",1249.402,31.9244,"6,5,1,2,0,3,4"
TechnicolorHijack,250,"1,2,3,4,5,8,9",7,3,"1,3,5",1254.532,31.9252,"6,5,1,2,0,3,4"
TechnicolorHijack,250,"1,2,3,4,5,8,9",7,3,"1,3,6",1267.175,32.0875,"6,5,1,2,0,3,4"
TechnicolorHijack,250,"1,2,3,4,5,8,9",7,3,"1,3,7",1317.623,32.1306,"6,5,1,2,0,3,4"
TechnicolorHijack,250,"1,2,3,4,5,8,9",7,3,"1,4,5",1253.215,31.9252,"6,5,1,2,0,3,4"
TechnicolorHijack,250,"1,2,3,4,5,8,9",7,3,"1,4,6",1283.378,32.0881,"6,5,1,2,0,3,4"
TechnicolorHijack,250,"1,2,3,4,5,8,9",7,3,"1,4,7",1320.347,32.1307,"6,5,1,2,0,3,4"
TechnicolorHijack,250,"1,2,3,4,5,8,9",7,3,"1,5,6",1293.137,32.0848,"6,5,1,2,0,3,4"
TechnicolorHijack,250,"1,2,3,4,5,8,9",7,3,"1,5,7",1320.455,32.1272,"6,5,1,2,0,3,4"
TechnicolorHijack,250,"1,2,3,4,5,8,9",7,3,"1,6,7",1339.472,32.1347,"6,5,1,2,0,3,4"
TechnicolorHijack,250,"1,2,3,4,5,8,9",7,3,"2,3,4",1248.537,32.0472,"6,5,1,2,0,3,4"
TechnicolorHijack,250,"1,2,3,4,5,8,9",7,3,"2,3,5",1253.54,32.0488,"6,5,1,2,0,3,4"
TechnicolorHijack,250,"1,2,3,4,5,8,9",7,3,"2,3,6",1270.456,32.2125,"6,5,1,2,0,3,4"
TechnicolorHijack,250,"1,2,3,4,5,8,9",7,3,"2,3,7",1319.069,32.2567,"6,5,1,2,0,3,4"
TechnicolorHijack,250,"1,2,3,4,5,8,9",7,3,"2,4,5",1256.031,32.0496,"6,5,1,2,0,3,4"
TechnicolorHijack,250,"1,2,3,4,5,8,9",7,3,"2,4,6",1272.345,32.2139,"6,5,1,2,0,3,4"
TechnicolorHijack,250,"1,2,3,4,5,8,9",7,3,"2,4,7",1321.736,32.2577,"6,5,1,2,0,3,4"
TechnicolorHijack,250,"1,2,3,4,5,8,9",7,3,"2,5,6",1274.151,32.2104,"6,5,1,2,0,3,4"
TechnicolorHijack,250,"1,2,3,4,5,8,9",7,3,"2,5,7",1323.088,32.2541,"6,5,1,2,0,3,4"
TechnicolorHijack,250,"1,2,3,4,5,8,9",7,3,"2,6,7",1339.456,32.2562,"6,5,1,2,0,3,4"
TechnicolorHijack,250,"1,2,3,4,5,8,9",7,3,"3,4,5",1460.067,32.3577,"6,5,1,2,0,3,4"
TechnicolorHijack,250,"1,2,3,4,5,8,9",7,3,"3,4,6",1474.175,32.5351,"6,5,1,2,0,3,4"
TechnicolorHijack,250,"1,2,3,4,5,8,9",7,3,"3,4,7",1521.291,32.5822,"6,5,1,2,0,3,4"
TechnicolorHijack,250,"1,2,3,4,5,8,9",7,3,"3,5,6",1479.184,32.5336,"6,5,1,2,0,3,4"
TechnicolorHijack,250,"1,2,3,4,5,8,9",7,3,"3,5,7",1525.991,32.5807,"6,5,1,2,0,3,4"
TechnicolorHijack,250,"1,2,3,4,5,8,9",7,3,"3,6,7",1541.29,32.5801,"6,5,1,2,0,3,4"
TechnicolorHijack,250,"1,2,3,4,5,8,9",7,3,"4,5,6",1477.952,32.5278,"6,5,1,2,0,3,4"
TechnicolorHijack,250,"1,2,3,4,5,8,9",7,3,"4,5,7",1527.829,32.5748,"6,5,1,2,0,3,4"
TechnicolorHijack,250,"1,2,3,4,5,8,9",7,3,"4,6,7",1539.812,32.5748,"6,5,1,2,0,3,4"
TechnicolorHijack,250,"1,2,3,4,5,8,9",7,3,"5,6,7",1542.869,32.5509,"6,5,1,2,0,3,4"
